[2026-06-16T10:50:33Z] baseline seeded — certs:8 domains:20 ips:4
[2026-06-16T11:08:58Z] NEW ip  104.21.2.244  [dns (olx.express-paycore24.cfd) / Cloudflare-edge]
[2026-06-16T11:08:58Z] NEW ip  172.67.129.215  [dns (olx.express-paycore24.cfd) / Cloudflare-edge]
[2026-06-16T11:08:58Z] 2 new indicator(s) this run
[2026-06-16T12:17:27Z] candidate cert  corepay.app  [ct-log (token candidate — review)]
[2026-06-16T12:17:27Z] candidate cert  paycore  [ct-log (token candidate — review)]
[2026-06-16T12:17:27Z] candidate cert  paycore--vpn.wildixin.com  [ct-log (token candidate — review)]
[2026-06-16T12:17:27Z] candidate cert  paycore.com.eg  [ct-log (token candidate — review)]
[2026-06-16T12:17:27Z] candidate cert  paycore.eg  [ct-log (token candidate — review)]
[2026-06-16T12:17:27Z] candidate cert  paycore.wildixin.com  [ct-log (token candidate — review)]
[2026-06-16T12:17:27Z] NEW ip  104.21.76.96  [dns (subito.cam) / Cloudflare-edge]
[2026-06-16T12:17:27Z] NEW ip  172.67.192.112  [dns (subito.cam) / Cloudflare-edge]
[2026-06-16T12:17:27Z] NEW ip  2606:4700:3030::ac43:c070  [dns (subito.cam) / Cloudflare-edge]
[2026-06-16T12:17:27Z] NEW ip  2606:4700:3036::6815:4c60  [dns (subito.cam) / Cloudflare-edge]
[2026-06-16T12:17:27Z] 4 new indicator(s) this run
[2026-06-16T14:51:13Z] no new indicators
[2026-06-16T19:12:22Z] no new indicators
[2026-06-17T00:41:11Z] no new indicators
[2026-06-17T07:47:17Z] no new indicators
[2026-06-17T13:13:04Z] no new indicators
[2026-06-17T18:47:58Z] no new indicators
[2026-06-18T00:42:00Z] no new indicators
[2026-06-18T07:38:21Z] no new indicators
[2026-06-18T11:26:17Z] HEALTH certspotter=7/7 crtsh=0/1 urlscan=0/10 dns-google=14/14 dns-cf=14/14
[2026-06-18T11:26:17Z] HEALTH-NOTE crtsh degraded (0/1) — CT token/new-apex discovery skipped this run
[2026-06-18T11:26:17Z] HEALTH-ALERT urlscan went DOWN
[2026-06-18T11:26:17Z] 1 new indicator(s) this run
[2026-06-18T11:31:54Z] NEW domain  101.immrtl-hlpr.shop  [urlscan]
[2026-06-18T11:31:54Z] NEW domain  arsenalroel.org  [urlscan]
[2026-06-18T11:31:54Z] NEW domain  b.b-checker.xyz  [urlscan]
[2026-06-18T11:31:54Z] NEW domain  cnkstcd.com  [urlscan]
[2026-06-18T11:31:54Z] NEW domain  donshriversvideodrain.com  [urlscan]
[2026-06-18T11:31:54Z] NEW domain  humancompostco.com  [urlscan]
[2026-06-18T11:31:54Z] NEW domain  it-pays.vps-pay-it.xyz  [urlscan]
[2026-06-18T11:31:54Z] NEW domain  longkun100.com  [urlscan]
[2026-06-18T11:31:54Z] NEW domain  mostly.immortal-h.xyz  [urlscan]
[2026-06-18T11:31:54Z] NEW domain  periyartigers.com  [urlscan]
[2026-06-18T11:31:54Z] NEW domain  reigartkistlerdds.com  [urlscan]
[2026-06-18T11:31:54Z] NEW domain  rick-rock.immortal-4u.shop  [urlscan]
[2026-06-18T11:31:54Z] NEW domain  sendeasy.yeezy-sand.xyz  [urlscan]
[2026-06-18T11:31:54Z] NEW domain  szrcgj.com  [urlscan]
[2026-06-18T11:31:54Z] NEW domain  tinyurl.com  [urlscan]
[2026-06-18T11:31:54Z] NEW domain  wfmcsy.com  [urlscan]
[2026-06-18T11:31:54Z] NEW domain  zhkjcx.org  [urlscan]
[2026-06-18T11:31:54Z] NEW ip  104.17.112.233  [dns (tinyurl.com) / Cloudflare-edge]
[2026-06-18T11:31:54Z] NEW ip  104.18.111.161  [dns (tinyurl.com) / Cloudflare-edge]
[2026-06-18T11:31:54Z] NEW ip  104.21.59.195  [dns (reigartkistlerdds.com) / Cloudflare-edge]
[2026-06-18T11:31:54Z] NEW ip  104.21.8.154  [dns (donshriversvideodrain.com) / Cloudflare-edge]
[2026-06-18T11:31:54Z] NEW ip  104.21.86.101  [dns (arsenalroel.org) / Cloudflare-edge]
[2026-06-18T11:31:54Z] NEW ip  172.67.182.240  [dns (reigartkistlerdds.com) / Cloudflare-edge]
[2026-06-18T11:31:54Z] NEW ip  172.67.188.140  [dns (donshriversvideodrain.com) / Cloudflare-edge]
[2026-06-18T11:31:54Z] NEW ip  172.67.217.212  [dns (arsenalroel.org) / Cloudflare-edge]
[2026-06-18T11:31:54Z] NEW ip  193.148.56.18  [dns (humancompostco.com) / NON-CF ORIGIN — high value]
[2026-06-18T11:31:54Z] NEW ip  2606:4700:3030::6815:3bc3  [dns (reigartkistlerdds.com) / Cloudflare-edge]
[2026-06-18T11:31:54Z] NEW ip  2606:4700:3030::6815:89a  [dns (donshriversvideodrain.com) / Cloudflare-edge]
[2026-06-18T11:31:54Z] NEW ip  2606:4700:3033::6815:5665  [dns (arsenalroel.org) / Cloudflare-edge]
[2026-06-18T11:31:54Z] NEW ip  2606:4700:3033::ac43:bc8c  [dns (donshriversvideodrain.com) / Cloudflare-edge]
[2026-06-18T11:31:54Z] NEW ip  2606:4700:3034::ac43:d9d4  [dns (arsenalroel.org) / Cloudflare-edge]
[2026-06-18T11:31:54Z] NEW ip  2606:4700:3036::ac43:b6f0  [dns (reigartkistlerdds.com) / Cloudflare-edge]
[2026-06-18T11:31:54Z] NEW ip  2606:4700::6811:70e9  [dns (tinyurl.com) / Cloudflare-edge]
[2026-06-18T11:31:54Z] NEW ip  2606:4700::6812:6fa1  [dns (tinyurl.com) / Cloudflare-edge]
[2026-06-18T11:31:54Z] NEW ip  2a03:90c0:999c::12  [dns (101.immrtl-hlpr.shop) / NON-CF ORIGIN — high value]
[2026-06-18T11:31:54Z] NEW ip  81.28.12.12  [dns (101.immrtl-hlpr.shop) / NON-CF ORIGIN — high value]
[2026-06-18T11:31:54Z] HEALTH certspotter=7/7 crtsh=0/1 urlscan=10/10 dns-google=76/76 dns-cf=76/76
[2026-06-18T11:31:54Z] HEALTH-NOTE crtsh degraded (0/1) — CT token/new-apex discovery skipped this run
[2026-06-18T11:31:54Z] HEALTH-RECOVERED urlscan
[2026-06-18T11:31:54Z] 36 new indicator(s) this run
[2026-06-18T11:57:31Z] NEW cert  express-paycore24.cfd  [ct-log (apex subdomain)]
[2026-06-18T11:57:31Z] NEW cert  paycore-private.cyou  [ct-log (apex subdomain)]
[2026-06-18T11:57:31Z] NEW cert  paycore-send.sbs  [ct-log (apex subdomain)]
[2026-06-18T11:57:31Z] NEW domain  8x.immortal-x8.xyz  [urlscan @2a03:90c0:999c::12 / AS199524]
[2026-06-18T11:57:31Z] NEW domain  adsrvr.shorten-it.lat  [urlscan @81.28.12.12 / AS199524]
[2026-06-18T11:57:31Z] NEW domain  dacajncritter.com  [urlscan]
[2026-06-18T11:57:31Z] NEW domain  express-paycore24.cfd  [urlscan @188.114.97.3 / AS13335]
[2026-06-18T11:57:31Z] NEW domain  feaster.baln-cmoni.shop  [urlscan]
[2026-06-18T11:57:31Z] NEW domain  inpost.express-paycore24.cfd  [urlscan @188.114.97.3 / AS13335]
[2026-06-18T11:57:31Z] NEW domain  m.cnkstcd.com  [urlscan @107.149.11.65 / AS54600]
[2026-06-18T11:57:31Z] NEW domain  m.wfmcsy.com  [urlscan @38.6.92.67 / AS398823]
[2026-06-18T11:57:31Z] NEW domain  make-it.short-conn.shop  [urlscan @81.28.12.12 / AS199524]
[2026-06-18T11:57:31Z] NEW domain  masterget.fed-send.xyz  [urlscan @2a03:90c0:999c::12 / AS199524]
[2026-06-18T11:57:31Z] NEW domain  needtrytopsto.icu  [urlscan]
[2026-06-18T11:57:31Z] NEW domain  paycore-private.cyou  [urlscan @104.21.94.79 / AS13335]
[2026-06-18T11:57:31Z] NEW domain  paycore-send.sbs  [urlscan @188.114.97.3 / AS13335]
[2026-06-18T11:57:31Z] NEW domain  paycore-send.shop  [urlscan @188.114.96.3 / AS13335]
[2026-06-18T11:57:31Z] NEW domain  paycore-send.xyz  [urlscan @2606:4700:3037::ac43:d308 / AS13335]
[2026-06-18T11:57:31Z] NEW ip  104.21.56.16  [dns (dacajncritter.com) / Cloudflare-edge]
[2026-06-18T11:57:31Z] NEW ip  172.67.175.177  [dns (dacajncritter.com) / Cloudflare-edge]
[2026-06-18T11:57:31Z] NEW ip  2606:4700:3033::6815:3810  [dns (dacajncritter.com) / Cloudflare-edge]
[2026-06-18T11:57:31Z] NEW ip  2606:4700:3037::ac43:afb1  [dns (dacajncritter.com) / Cloudflare-edge]
[2026-06-18T11:57:31Z] HEALTH certspotter=10/35 crtsh=4/5 urlscan=37/39 dns-google=130/130 dns-cf=130/130
[2026-06-18T11:57:31Z] 22 new indicator(s) this run
[2026-06-18T12:28:03Z] HEALTH certspotter=10/35 crtsh=3/4 urlscan=39/39 dns-google=132/132 dns-cf=132/132
[2026-06-18T12:28:03Z] SCAN-SAVED 101.immrtl-hlpr.shop -> https://urlscan.io/result/019edab7-b3c9-766f-b05f-e780a9772e4d/
[2026-06-18T12:28:03Z] SCAN-SAVED arsenalroel.org -> https://urlscan.io/result/019edab7-bf3d-70d2-8400-627b1c7027df/
[2026-06-18T12:28:03Z] SCAN-SAVED dacajncritter.com -> https://urlscan.io/result/019edab7-cafd-72c1-8c9f-403a20cc3cc4/
[2026-06-18T12:28:03Z] SCAN-SAVED donshriversvideodrain.com -> https://urlscan.io/result/019edab7-d6a8-778f-8f2d-76cb337c8c81/
[2026-06-18T12:28:03Z] SCAN-SAVED feaster.baln-cmoni.shop -> https://urlscan.io/result/019edab7-e2ce-759b-b2a6-5469c55fdd06/
[2026-06-18T12:28:03Z] SCAN-SAVED humancompostco.com -> https://urlscan.io/result/019edab7-ee7a-71a8-bd7e-dfb388d440bf/
[2026-06-18T12:28:03Z] SCAN-SAVED make-it.short-conn.shop -> https://urlscan.io/result/019edab7-faf3-77aa-a44d-22adb88cdb3c/
[2026-06-18T12:28:03Z] SCAN-SAVED masterget.fed-send.xyz -> https://urlscan.io/result/019edab8-0675-77ed-b124-fe17c562bd71/
[2026-06-18T12:28:03Z] SCAN-SAVED periyartigers.com -> https://urlscan.io/result/019edab8-12d3-710a-a02f-51feb44359c4/
[2026-06-18T12:28:03Z] SCAN-SAVED reigartkistlerdds.com -> https://urlscan.io/result/019edab8-1ede-710f-a9fb-2a6336e8997e/
[2026-06-18T12:28:03Z] SCAN-SAVED subito.cam -> https://urlscan.io/result/019edab8-2a1c-729b-ac3f-92e259cce62c/
[2026-06-18T12:28:03Z] SCAN-SAVED tinyurl.com -> https://urlscan.io/result/019edab8-35f4-70c8-aaf3-0b7a4fc7e416/
[2026-06-18T12:28:03Z] no new indicators
[2026-06-18T12:46:58Z] NEW ip  2606:4700:3032::ac43:afb1  [dns (dacajncritter.com) / Cloudflare-edge]
[2026-06-18T12:46:58Z] NEW ip  2606:4700:3035::6815:3810  [dns (dacajncritter.com) / Cloudflare-edge]
[2026-06-18T12:46:58Z] HEALTH certspotter=9/35 crtsh=9/10 urlscan=39/39 dns-google=132/132 dns-cf=132/132
[2026-06-18T12:46:58Z] 2 new indicator(s) this run
[2026-06-18T13:06:35Z] NEW cert  adsrvr.shorten-it.lat  [ct-log (apex subdomain)]
[2026-06-18T13:06:35Z] NEW cert  apps.reigartkistlerdds.com  [ct-log (apex subdomain)]
[2026-06-18T13:06:35Z] NEW cert  arsenalroel.org  [ct-log (apex subdomain)]
[2026-06-18T13:06:35Z] NEW cert  cnkstcd.com  [ct-log (apex subdomain)]
[2026-06-18T13:06:35Z] NEW cert  cpanel.periyartigers.com  [ct-log (apex subdomain)]
[2026-06-18T13:06:35Z] NEW cert  cpcalendars.periyartigers.com  [ct-log (apex subdomain)]
[2026-06-18T13:06:35Z] NEW cert  cpcontacts.periyartigers.com  [ct-log (apex subdomain)]
[2026-06-18T13:06:35Z] NEW cert  crm.reigartkistlerdds.com  [ct-log (apex subdomain)]
[2026-06-18T13:06:35Z] NEW cert  dev.reigartkistlerdds.com  [ct-log (apex subdomain)]
[2026-06-18T13:06:35Z] NEW cert  lime.reigartkistlerdds.com  [ct-log (apex subdomain)]
[2026-06-18T13:06:35Z] NEW cert  link.reigartkistlerdds.com  [ct-log (apex subdomain)]
[2026-06-18T13:06:35Z] NEW cert  login.reigartkistlerdds.com  [ct-log (apex subdomain)]
[2026-06-18T13:06:35Z] NEW cert  m.cnkstcd.com  [ct-log (apex subdomain)]
[2026-06-18T13:06:35Z] NEW cert  m.reigartkistlerdds.com  [ct-log (apex subdomain)]
[2026-06-18T13:06:35Z] NEW cert  m.wfmcsy.com  [ct-log (apex subdomain)]
[2026-06-18T13:06:35Z] NEW cert  mail.periyartigers.com  [ct-log (apex subdomain)]
[2026-06-18T13:06:35Z] NEW cert  mail.reigartkistlerdds.com  [ct-log (apex subdomain)]
[2026-06-18T13:06:35Z] NEW cert  old.reigartkistlerdds.com  [ct-log (apex subdomain)]
[2026-06-18T13:06:35Z] NEW cert  owa.reigartkistlerdds.com  [ct-log (apex subdomain)]
[2026-06-18T13:06:35Z] NEW cert  paycore-send.shop  [ct-log (apex subdomain)]
[2026-06-18T13:06:35Z] NEW cert  paysend-paczka.shop  [ct-log (apex subdomain)]
[2026-06-18T13:06:35Z] NEW cert  periyartigers.com  [ct-log (apex subdomain)]
[2026-06-18T13:06:35Z] NEW cert  reigartkistlerdds.com  [ct-log (apex subdomain)]
[2026-06-18T13:06:35Z] NEW cert  rick-rock.immortal-4u.shop  [ct-log (apex subdomain)]
[2026-06-18T13:06:35Z] NEW cert  short-conn.shop  [ct-log (apex subdomain)]
[2026-06-18T13:06:35Z] NEW cert  shorten-it.lat  [ct-log (apex subdomain)]
[2026-06-18T13:06:35Z] NEW cert  sitemap.reigartkistlerdds.com  [ct-log (apex subdomain)]
[2026-06-18T13:06:35Z] NEW cert  sitemaps.reigartkistlerdds.com  [ct-log (apex subdomain)]
[2026-06-18T13:06:35Z] NEW cert  szrcgj.com  [ct-log (apex subdomain)]
[2026-06-18T13:06:35Z] NEW cert  webdisk.periyartigers.com  [ct-log (apex subdomain)]
[2026-06-18T13:06:35Z] NEW cert  webmail.periyartigers.com  [ct-log (apex subdomain)]
[2026-06-18T13:06:35Z] NEW cert  wfmcsy.com  [ct-log (apex subdomain)]
[2026-06-18T13:06:35Z] NEW cert  www.cnkstcd.com  [ct-log (apex subdomain)]
[2026-06-18T13:06:35Z] NEW cert  www.periyartigers.com  [ct-log (apex subdomain)]
[2026-06-18T13:06:35Z] NEW cert  www.reigartkistlerdds.com  [ct-log (apex subdomain)]
[2026-06-18T13:06:35Z] NEW cert  www.wfmcsy.com  [ct-log (apex subdomain)]
[2026-06-18T13:06:35Z] NEW cert  www.zhkjcx.org  [ct-log (apex subdomain)]
[2026-06-18T13:06:35Z] NEW cert  zhkjcx.org  [ct-log (apex subdomain)]
[2026-06-18T13:06:35Z] NEW ip  170.187.131.209  [dns (link.reigartkistlerdds.com) / NON-CF ORIGIN — high value]
[2026-06-18T13:06:35Z] NEW ip  185.3.93.228  [dns (link.reigartkistlerdds.com) / NON-CF ORIGIN — high value]
[2026-06-18T13:06:35Z] NEW ip  192.250.229.176  [dns (cpanel.periyartigers.com) / NON-CF ORIGIN — high value]
[2026-06-18T13:06:35Z] HEALTH certspotter=3/35 crtsh=17/23 urlscan=39/39 dns-google=178/178 dns-cf=178/178
[2026-06-18T13:06:35Z] ORIGIN-CANDIDATE 170.187.131.209 non-CF shared/unknown (100 apex) - recorded for review
[2026-06-18T13:06:35Z] ORIGIN-CANDIDATE 185.3.93.228 non-CF shared/unknown (100 apex) - recorded for review
[2026-06-18T13:06:35Z] ORIGIN-CANDIDATE 192.250.229.176 non-CF shared/unknown (19 apex) - recorded for review
[2026-06-18T13:06:35Z] SCAN-SAVED apps.reigartkistlerdds.com -> https://urlscan.io/result/019edae2-36c4-709d-8362-0b90817f0066/
[2026-06-18T13:06:35Z] SCAN-SAVED cpanel.periyartigers.com -> https://urlscan.io/result/019edae2-42c1-70c5-8db2-3a10430e5fb4/
[2026-06-18T13:06:35Z] SCAN-SAVED cpcalendars.periyartigers.com -> https://urlscan.io/result/019edae2-4dfa-775f-869f-f84d6f49c490/
[2026-06-18T13:06:35Z] SCAN-SAVED cpcontacts.periyartigers.com -> https://urlscan.io/result/019edae2-57e6-736b-b968-7078466c089c/
[2026-06-18T13:06:35Z] SCAN-SAVED crm.reigartkistlerdds.com -> https://urlscan.io/result/019edae2-61e9-755c-a496-58c8d8f95cf2/
[2026-06-18T13:06:35Z] SCAN-SAVED dev.reigartkistlerdds.com -> https://urlscan.io/result/019edae2-6dd8-722c-8866-1974427702b1/
[2026-06-18T13:06:35Z] SCAN-SAVED lime.reigartkistlerdds.com -> https://urlscan.io/result/019edae2-7942-760c-abd6-06651ab74cd4/
[2026-06-18T13:06:35Z] SCAN-SAVED link.reigartkistlerdds.com -> https://urlscan.io/result/019edae2-84bb-7101-8327-9b695ecbb75e/
[2026-06-18T13:06:35Z] SCAN-SAVED login.reigartkistlerdds.com -> https://urlscan.io/result/019edae2-903c-734b-aec4-f1d4c9d4183b/
[2026-06-18T13:06:35Z] SCAN-SAVED m.reigartkistlerdds.com -> https://urlscan.io/result/019edae2-9c1b-7379-94cb-a1ad15f8eb52/
[2026-06-18T13:06:35Z] SCAN-SAVED mail.periyartigers.com -> https://urlscan.io/result/019edae2-a7ba-706a-8149-7f6f61e1aa19/
[2026-06-18T13:06:35Z] SCAN-SAVED mail.reigartkistlerdds.com -> https://urlscan.io/result/019edae2-b209-756a-b9f0-245e2c0170c6/
[2026-06-18T13:06:35Z] SCAN-SAVED old.reigartkistlerdds.com -> https://urlscan.io/result/019edae2-bd99-7731-bf24-f832c81e1149/
[2026-06-18T13:06:35Z] SCAN-SAVED owa.reigartkistlerdds.com -> https://urlscan.io/result/019edae2-c9aa-77cd-b770-d1293c1cd2a1/
[2026-06-18T13:06:35Z] SCAN-SAVED sitemap.reigartkistlerdds.com -> https://urlscan.io/result/019edae2-d4cf-777d-a4a4-837e26894861/
[2026-06-18T13:06:35Z] SCAN-SAVED sitemaps.reigartkistlerdds.com -> https://urlscan.io/result/019edae2-e026-775d-a889-43d4a36999d5/
[2026-06-18T13:06:35Z] SCAN-SAVED webdisk.periyartigers.com -> https://urlscan.io/result/019edae2-eb97-75ae-9c91-25e3cddcf853/
[2026-06-18T13:06:35Z] SCAN-SAVED webmail.periyartigers.com -> https://urlscan.io/result/019edae2-f75e-706b-ad7f-44bd988ba582/
[2026-06-18T13:06:35Z] SCAN-SAVED www.periyartigers.com -> https://urlscan.io/result/019edae3-046d-7429-8da5-0053e765ecc4/
[2026-06-18T13:06:35Z] SCAN-SAVED www.reigartkistlerdds.com -> https://urlscan.io/result/019edae3-1060-7550-8528-a750c6b27abf/
[2026-06-18T13:06:35Z] 41 new indicator(s) this run
[2026-06-18T13:41:43Z] NEW cert  longkun100.com  [ct-log (apex subdomain)]
[2026-06-18T13:41:43Z] NEW cert  paycore-send.xyz  [ct-log (apex subdomain)]
[2026-06-18T13:41:43Z] NEW cert  paysend-paczka.xyz  [ct-log (apex subdomain)]
[2026-06-18T13:41:43Z] NEW cert  www.longkun100.com  [ct-log (apex subdomain)]
[2026-06-18T13:41:43Z] NEW domain  apps.reigartkistlerdds.com  [urlscan @104.21.59.195 / AS13335]
[2026-06-18T13:41:43Z] NEW domain  cpanel.periyartigers.com  [urlscan @192.250.229.176 / AS209341]
[2026-06-18T13:41:43Z] NEW domain  cpcalendars.periyartigers.com  [urlscan]
[2026-06-18T13:41:43Z] NEW domain  cpcontacts.periyartigers.com  [urlscan @192.250.229.176 / AS209341]
[2026-06-18T13:41:43Z] NEW domain  crm.reigartkistlerdds.com  [urlscan @172.67.182.240 / AS13335]
[2026-06-18T13:41:43Z] NEW domain  dev.reigartkistlerdds.com  [urlscan @172.67.182.240 / AS13335]
[2026-06-18T13:41:43Z] NEW domain  lime.reigartkistlerdds.com  [urlscan @172.67.182.240 / AS13335]
[2026-06-18T13:41:43Z] NEW domain  link.reigartkistlerdds.com  [urlscan]
[2026-06-18T13:41:43Z] NEW domain  login.reigartkistlerdds.com  [urlscan]
[2026-06-18T13:41:43Z] NEW domain  m.reigartkistlerdds.com  [urlscan @104.21.59.195 / AS13335]
[2026-06-18T13:41:43Z] NEW domain  mail.reigartkistlerdds.com  [urlscan @104.21.59.195 / AS13335]
[2026-06-18T13:41:43Z] NEW domain  old.reigartkistlerdds.com  [urlscan @172.67.182.240 / AS13335]
[2026-06-18T13:41:43Z] NEW domain  owa.reigartkistlerdds.com  [urlscan @104.21.59.195 / AS13335]
[2026-06-18T13:41:43Z] NEW domain  sitemap.reigartkistlerdds.com  [urlscan @104.21.59.195 / AS13335]
[2026-06-18T13:41:43Z] NEW domain  sitemaps.reigartkistlerdds.com  [urlscan @104.21.59.195 / AS13335]
[2026-06-18T13:41:43Z] NEW domain  webdisk.periyartigers.com  [urlscan @192.250.229.176 / AS209341]
[2026-06-18T13:41:43Z] NEW domain  webmail.periyartigers.com  [urlscan @192.250.229.176 / AS209341]
[2026-06-18T13:41:43Z] NEW domain  www.reigartkistlerdds.com  [urlscan @172.67.182.240 / AS13335]
[2026-06-18T13:41:43Z] HEALTH certspotter=3/31 crtsh=8/12 urlscan=39/39 dns-google=172/172 dns-cf=172/172
[2026-06-18T13:41:43Z] 22 new indicator(s) this run
[2026-06-18T13:53:24Z] HEALTH certspotter=2/31 crtsh=9/19 urlscan=35/35 dns-google=168/168 dns-cf=168/168
[2026-06-18T13:53:24Z] no new indicators
[2026-06-18T18:47:06Z] NEW cert  it-pays.vps-pay-it.xyz  [ct-log (apex subdomain)]
[2026-06-18T18:47:06Z] HEALTH certspotter=11/31 crtsh=14/19 urlscan=35/35 dns-google=172/172 dns-cf=172/172
[2026-06-18T18:47:06Z] 1 new indicator(s) this run
[2026-06-18T20:31:05Z] NEW cert  101.immrtl-hlpr.shop  [ct-log (apex subdomain)]
[2026-06-18T20:31:05Z] HEALTH certspotter=3/31 crtsh=13/23 urlscan=35/35 dns-google=138/138 dns-cf=138/138
[2026-06-18T20:31:05Z] 1 new indicator(s) this run
[2026-06-19T00:45:37Z] NEW cert  8x.immortal-x8.xyz  [ct-log (apex subdomain)]
[2026-06-19T00:45:37Z] NEW cert  dacajncritter.com  [ct-log (apex subdomain)]
[2026-06-19T00:45:37Z] NEW cert  humancompostco.com  [ct-log (apex subdomain)]
[2026-06-19T00:45:37Z] NEW cert  make-it.short-conn.shop  [ct-log (apex subdomain)]
[2026-06-19T00:45:37Z] NEW cert  sendeasy.yeezy-sand.xyz  [ct-log (apex subdomain)]
[2026-06-19T00:45:37Z] NEW cert  www.dacajncritter.com  [ct-log (apex subdomain)]
[2026-06-19T00:45:37Z] NEW cert  www.humancompostco.com  [ct-log (apex subdomain)]
[2026-06-19T00:45:37Z] HEALTH certspotter=11/33 crtsh=34/45 urlscan=37/37 dns-google=144/144 dns-cf=144/144
[2026-06-19T00:45:37Z] SCAN-SAVED www.dacajncritter.com -> https://urlscan.io/result/019edd67-6c01-73aa-a533-3461027a5e68/
[2026-06-19T00:45:37Z] SCAN-SAVED www.humancompostco.com -> https://urlscan.io/result/019edd67-775a-76ca-ad3f-0a1971e6cf8e/
[2026-06-19T00:45:37Z] 7 new indicator(s) this run
[2026-06-19T07:49:57Z] NEW cert  feaster.baln-cmoni.shop  [ct-log (apex subdomain)]
[2026-06-19T07:49:57Z] NEW cert  masterget.fed-send.xyz  [ct-log (apex subdomain)]
[2026-06-19T07:49:57Z] NEW cert  mostly.immortal-h.xyz  [ct-log (apex subdomain)]
[2026-06-19T07:49:57Z] NEW domain  www.dacajncritter.com  [urlscan @104.21.56.16 / AS13335]
[2026-06-19T07:49:57Z] NEW ip  2606:4700:3030::ac43:b6f0  [dns (reigartkistlerdds.com) / Cloudflare-edge]
[2026-06-19T07:49:57Z] NEW ip  2606:4700:3031::6815:3bc3  [dns (reigartkistlerdds.com) / Cloudflare-edge]
[2026-06-19T07:49:57Z] HEALTH certspotter=12/33 crtsh=29/40 urlscan=37/37 dns-google=144/144 dns-cf=144/144
[2026-06-19T07:49:57Z] 6 new indicator(s) this run
[2026-06-19T13:09:03Z] candidate cert  ebay--klelnanzeigen--deliveryexpress.online  [ct-log (token candidate — review)]
[2026-06-19T13:09:03Z] candidate cert  ebay-klelnanzeigen--deliveryexpress.online  [ct-log (token candidate — review)]
[2026-06-19T13:09:03Z] HEALTH certspotter=11/33 crtsh=44/50 urlscan=37/37 dns-google=144/144 dns-cf=144/144
[2026-06-19T13:09:03Z] no new indicators
[2026-06-19T18:35:19Z] HEALTH certspotter=11/33 crtsh=48/50 urlscan=37/37 dns-google=140/140 dns-cf=140/140
[2026-06-19T18:35:19Z] no new indicators
[2026-06-20T00:36:39Z] HEALTH certspotter=11/33 crtsh=20/23 urlscan=37/37 dns-google=140/140 dns-cf=140/140
[2026-06-20T00:36:39Z] no new indicators
[2026-06-20T07:18:32Z] HEALTH certspotter=11/33 crtsh=44/50 urlscan=37/37 dns-google=144/144 dns-cf=144/144
[2026-06-20T07:18:32Z] no new indicators
[2026-06-20T12:34:28Z] HEALTH certspotter=10/33 crtsh=2/5 urlscan=37/37 dns-google=134/134 dns-cf=134/134
[2026-06-20T12:34:28Z] no new indicators
[2026-06-20T18:28:40Z] HEALTH certspotter=10/33 crtsh=9/13 urlscan=37/37 dns-google=138/138 dns-cf=138/138
[2026-06-20T18:28:40Z] no new indicators
[2026-06-21T00:39:42Z] NEW cert  b.b-checker.xyz  [ct-log (apex subdomain)]
[2026-06-21T00:39:42Z] HEALTH certspotter=10/33 crtsh=4/7 urlscan=37/37 dns-google=138/138 dns-cf=138/138
[2026-06-21T00:39:42Z] 1 new indicator(s) this run
[2026-06-21T07:36:22Z] HEALTH certspotter=11/33 crtsh=16/20 urlscan=37/37 dns-google=138/138 dns-cf=138/138
[2026-06-21T07:36:22Z] no new indicators
[2026-06-21T12:37:54Z] HEALTH certspotter=11/33 crtsh=37/40 urlscan=37/37 dns-google=144/144 dns-cf=144/144
[2026-06-21T12:37:54Z] no new indicators
[2026-06-21T18:30:27Z] HEALTH certspotter=10/33 crtsh=5/9 urlscan=37/37 dns-google=134/134 dns-cf=134/134
[2026-06-21T18:30:27Z] no new indicators
[2026-06-22T00:39:26Z] HEALTH certspotter=10/33 crtsh=7/11 urlscan=37/37 dns-google=134/134 dns-cf=134/134
[2026-06-22T00:39:26Z] no new indicators
[2026-06-22T07:56:50Z] HEALTH certspotter=10/33 crtsh=0/3 urlscan=37/37 dns-google=134/134 dns-cf=134/134
[2026-06-22T07:56:50Z] HEALTH-NOTE crtsh degraded (0/3) — CT token/new-apex discovery skipped this run
[2026-06-22T07:56:50Z] no new indicators
[2026-06-22T13:51:42Z] HEALTH certspotter=10/33 crtsh=9/12 urlscan=37/37 dns-google=136/136 dns-cf=136/136
[2026-06-22T13:51:42Z] no new indicators
[2026-06-22T19:04:55Z] HEALTH certspotter=10/33 crtsh=0/3 urlscan=37/37 dns-google=134/134 dns-cf=134/134
[2026-06-22T19:04:55Z] HEALTH-NOTE crtsh degraded (0/3) — CT token/new-apex discovery skipped this run
[2026-06-22T19:04:55Z] no new indicators
[2026-06-23T00:36:43Z] HEALTH certspotter=11/33 crtsh=16/20 urlscan=37/37 dns-google=140/140 dns-cf=140/140
[2026-06-23T00:36:43Z] no new indicators
[2026-06-23T07:12:03Z] HEALTH certspotter=12/33 crtsh=16/30 urlscan=37/37 dns-google=140/140 dns-cf=140/140
[2026-06-23T07:12:03Z] no new indicators
[2026-06-23T12:55:04Z] HEALTH certspotter=11/33 crtsh=13/21 urlscan=37/37 dns-google=136/136 dns-cf=136/136
[2026-06-23T12:55:04Z] no new indicators
[2026-06-23T18:40:17Z] HEALTH certspotter=10/33 crtsh=6/9 urlscan=37/37 dns-google=136/136 dns-cf=136/136
[2026-06-23T18:40:17Z] no new indicators
[2026-06-24T00:31:30Z] HEALTH certspotter=11/33 crtsh=9/13 urlscan=37/37 dns-google=138/138 dns-cf=138/138
[2026-06-24T00:31:30Z] no new indicators
[2026-06-24T07:09:16Z] HEALTH certspotter=11/33 crtsh=10/16 urlscan=37/37 dns-google=138/138 dns-cf=138/138
[2026-06-24T07:09:16Z] no new indicators
[2026-06-24T12:42:05Z] HEALTH certspotter=10/33 crtsh=1/4 urlscan=37/37 dns-google=136/136 dns-cf=136/136
[2026-06-24T12:42:05Z] no new indicators
[2026-06-24T18:34:54Z] HEALTH certspotter=11/33 crtsh=19/25 urlscan=37/37 dns-google=138/138 dns-cf=138/138
[2026-06-24T18:34:54Z] no new indicators
[2026-06-25T00:36:45Z] HEALTH certspotter=10/33 crtsh=14/19 urlscan=37/37 dns-google=138/138 dns-cf=138/138
[2026-06-25T00:36:45Z] no new indicators
[2026-06-25T07:09:27Z] HEALTH certspotter=10/33 crtsh=7/11 urlscan=37/37 dns-google=134/134 dns-cf=134/134
[2026-06-25T07:09:27Z] no new indicators
[2026-06-25T12:46:09Z] NEW ip  2606:4700:3033::6815:89a  [dns (donshriversvideodrain.com) / Cloudflare-edge]
[2026-06-25T12:46:09Z] NEW ip  2606:4700:3035::ac43:bc8c  [dns (donshriversvideodrain.com) / Cloudflare-edge]
[2026-06-25T12:46:09Z] HEALTH certspotter=10/33 crtsh=0/3 urlscan=37/37 dns-google=134/134 dns-cf=134/134
[2026-06-25T12:46:09Z] HEALTH-NOTE crtsh degraded (0/3) — CT token/new-apex discovery skipped this run
[2026-06-25T12:46:09Z] 2 new indicator(s) this run
[2026-06-25T18:43:30Z] HEALTH certspotter=10/33 crtsh=0/3 urlscan=37/37 dns-google=134/134 dns-cf=134/134
[2026-06-25T18:43:30Z] HEALTH-NOTE crtsh degraded (0/3) — CT token/new-apex discovery skipped this run
[2026-06-25T18:43:30Z] no new indicators
[2026-06-26T00:37:27Z] HEALTH certspotter=10/33 crtsh=0/3 urlscan=37/37 dns-google=134/134 dns-cf=134/134
[2026-06-26T00:37:27Z] HEALTH-NOTE crtsh degraded (0/3) — CT token/new-apex discovery skipped this run
[2026-06-26T00:37:27Z] no new indicators
[2026-06-26T07:15:44Z] HEALTH certspotter=10/33 crtsh=0/3 urlscan=37/37 dns-google=134/134 dns-cf=134/134
[2026-06-26T07:15:44Z] HEALTH-NOTE crtsh degraded (0/3) — CT token/new-apex discovery skipped this run
[2026-06-26T07:15:44Z] no new indicators
[2026-06-26T12:40:59Z] HEALTH certspotter=10/33 crtsh=0/3 urlscan=37/37 dns-google=134/134 dns-cf=134/134
[2026-06-26T12:40:59Z] HEALTH-NOTE crtsh degraded (0/3) — CT token/new-apex discovery skipped this run
[2026-06-26T12:40:59Z] no new indicators
[2026-06-26T18:34:57Z] HEALTH certspotter=10/33 crtsh=2/6 urlscan=37/37 dns-google=134/134 dns-cf=134/134
[2026-06-26T18:34:57Z] no new indicators
[2026-06-27T00:35:19Z] HEALTH certspotter=11/33 crtsh=9/15 urlscan=37/37 dns-google=136/136 dns-cf=136/136
[2026-06-27T00:35:19Z] no new indicators
[2026-06-27T07:03:09Z] HEALTH certspotter=10/33 crtsh=6/10 urlscan=37/37 dns-google=136/136 dns-cf=136/136
[2026-06-27T07:03:09Z] no new indicators
[2026-06-27T12:25:44Z] HEALTH certspotter=11/33 crtsh=12/16 urlscan=37/37 dns-google=138/138 dns-cf=138/138
[2026-06-27T12:25:44Z] no new indicators
[2026-06-27T18:23:58Z] HEALTH certspotter=10/33 crtsh=1/4 urlscan=37/37 dns-google=136/136 dns-cf=136/136
[2026-06-27T18:23:58Z] no new indicators
[2026-06-28T00:35:15Z] HEALTH certspotter=10/33 crtsh=4/10 urlscan=37/37 dns-google=134/134 dns-cf=134/134
[2026-06-28T00:35:15Z] no new indicators
[2026-06-28T07:19:33Z] HEALTH certspotter=11/33 crtsh=11/17 urlscan=37/37 dns-google=136/136 dns-cf=136/136
[2026-06-28T07:19:33Z] no new indicators
[2026-06-28T12:26:54Z] HEALTH certspotter=12/33 crtsh=42/50 urlscan=37/37 dns-google=144/144 dns-cf=144/144
[2026-06-28T12:26:54Z] no new indicators
[2026-06-28T18:23:54Z] HEALTH certspotter=10/33 crtsh=2/5 urlscan=37/37 dns-google=134/134 dns-cf=134/134
[2026-06-28T18:23:54Z] no new indicators
[2026-06-29T00:36:45Z] HEALTH certspotter=10/33 crtsh=1/4 urlscan=37/37 dns-google=136/136 dns-cf=136/136
[2026-06-29T00:36:45Z] no new indicators
[2026-06-29T07:38:54Z] HEALTH certspotter=10/33 crtsh=1/4 urlscan=36/37 dns-google=134/134 dns-cf=134/134
[2026-06-29T07:38:54Z] no new indicators
[2026-06-29T13:25:54Z] HEALTH certspotter=10/33 crtsh=3/8 urlscan=36/37 dns-google=136/136 dns-cf=136/136
[2026-06-29T13:25:54Z] no new indicators
[2026-06-29T18:39:49Z] HEALTH certspotter=10/33 crtsh=0/3 urlscan=37/37 dns-google=134/134 dns-cf=134/134
[2026-06-29T18:39:49Z] HEALTH-NOTE crtsh degraded (0/3) — CT token/new-apex discovery skipped this run
[2026-06-29T18:39:49Z] no new indicators
[2026-06-30T00:35:42Z] HEALTH certspotter=10/33 crtsh=1/5 urlscan=37/37 dns-google=134/134 dns-cf=134/134
[2026-06-30T00:35:42Z] no new indicators
[2026-06-30T07:15:51Z] HEALTH certspotter=10/33 crtsh=0/3 urlscan=37/37 dns-google=134/134 dns-cf=134/134
[2026-06-30T07:15:51Z] HEALTH-NOTE crtsh degraded (0/3) — CT token/new-apex discovery skipped this run
[2026-06-30T07:15:51Z] no new indicators
[2026-06-30T12:38:54Z] HEALTH certspotter=10/33 crtsh=3/6 urlscan=37/37 dns-google=136/136 dns-cf=136/136
[2026-06-30T12:38:54Z] no new indicators
[2026-06-30T18:35:08Z] HEALTH certspotter=11/33 crtsh=13/21 urlscan=37/37 dns-google=138/138 dns-cf=138/138
[2026-06-30T18:35:08Z] no new indicators
[2026-07-01T00:36:39Z] HEALTH certspotter=10/33 crtsh=3/6 urlscan=37/37 dns-google=134/134 dns-cf=134/134
[2026-07-01T00:36:39Z] no new indicators
[2026-07-01T07:27:45Z] HEALTH certspotter=10/33 crtsh=5/9 urlscan=37/37 dns-google=136/136 dns-cf=136/136
[2026-07-01T07:27:45Z] no new indicators
[2026-07-01T12:55:42Z] HEALTH certspotter=10/33 crtsh=8/13 urlscan=36/37 dns-google=136/136 dns-cf=136/136
[2026-07-01T12:55:42Z] no new indicators
[2026-07-01T18:38:10Z] HEALTH certspotter=11/33 crtsh=45/50 urlscan=37/37 dns-google=142/142 dns-cf=142/142
[2026-07-01T18:38:10Z] no new indicators
[2026-07-02T00:35:49Z] HEALTH certspotter=10/33 crtsh=3/9 urlscan=37/37 dns-google=134/134 dns-cf=134/134
[2026-07-02T00:35:49Z] no new indicators
[2026-07-02T08:44:15Z] HEALTH certspotter=10/33 crtsh=0/3 urlscan=37/37 dns-google=134/134 dns-cf=134/134
[2026-07-02T08:44:15Z] HEALTH-NOTE crtsh degraded (0/3) — CT token/new-apex discovery skipped this run
[2026-07-02T08:44:15Z] no new indicators
[2026-07-02T13:42:38Z] HEALTH certspotter=10/33 crtsh=1/4 urlscan=37/37 dns-google=134/134 dns-cf=134/134
[2026-07-02T13:42:38Z] no new indicators
[2026-07-02T19:13:21Z] NEW domain  inpost.pay-flow.cfd  [urlscan @172.67.165.195 / AS13335]
[2026-07-02T19:13:21Z] NEW domain  singleframefilms.com  [urlscan]
[2026-07-02T19:13:21Z] NEW ip  104.21.38.34  [dns (singleframefilms.com) / Cloudflare-edge]
[2026-07-02T19:13:21Z] NEW ip  172.67.218.78  [dns (singleframefilms.com) / Cloudflare-edge]
[2026-07-02T19:13:21Z] NEW ip  2606:4700:3032::ac43:da4e  [dns (singleframefilms.com) / Cloudflare-edge]
[2026-07-02T19:13:21Z] NEW ip  2606:4700:3035::6815:2622  [dns (singleframefilms.com) / Cloudflare-edge]
[2026-07-02T19:13:21Z] HEALTH certspotter=11/33 crtsh=27/34 urlscan=37/37 dns-google=148/148 dns-cf=148/148
[2026-07-02T19:13:21Z] AUTO-PROMOTE apex pay-flow.cfd (kit-fingerprint) -> now CT/DNS/scan-watched
[2026-07-02T19:13:21Z] SCAN-SAVED singleframefilms.com -> https://urlscan.io/result/019f244b-a5ee-733e-b0ca-c0b9ea9e4425/
[2026-07-02T19:13:21Z] 6 new indicator(s) this run
[2026-07-03T02:10:12Z] HEALTH certspotter=10/34 crtsh=3/6 urlscan=38/38 dns-google=140/140 dns-cf=140/140
[2026-07-03T02:10:12Z] no new indicators
[2026-07-03T08:52:07Z] NEW cert  pay-flow.cfd  [ct-log (apex subdomain)]
[2026-07-03T08:52:07Z] HEALTH certspotter=11/34 crtsh=47/51 urlscan=38/38 dns-google=150/150 dns-cf=150/150
[2026-07-03T08:52:07Z] 1 new indicator(s) this run
[2026-07-03T13:47:20Z] HEALTH certspotter=12/34 crtsh=28/45 urlscan=38/38 dns-google=150/150 dns-cf=148/150
[2026-07-03T13:47:20Z] no new indicators
[2026-07-03T19:06:11Z] HEALTH certspotter=12/34 crtsh=41/51 urlscan=38/38 dns-google=146/146 dns-cf=146/146
[2026-07-03T19:06:11Z] no new indicators
[2026-07-04T02:08:56Z] HEALTH certspotter=10/34 crtsh=0/3 urlscan=38/38 dns-google=140/140 dns-cf=140/140
[2026-07-04T02:08:56Z] HEALTH-NOTE crtsh degraded (0/3) — CT token/new-apex discovery skipped this run
[2026-07-04T02:08:56Z] no new indicators
[2026-07-04T08:27:02Z] HEALTH certspotter=12/34 crtsh=19/29 urlscan=38/38 dns-google=146/146 dns-cf=146/146
[2026-07-04T08:27:02Z] no new indicators
[2026-07-04T13:06:09Z] HEALTH certspotter=10/34 crtsh=0/3 urlscan=38/38 dns-google=140/140 dns-cf=140/140
[2026-07-04T13:06:09Z] HEALTH-NOTE crtsh degraded (0/3) — CT token/new-apex discovery skipped this run
[2026-07-04T13:06:09Z] no new indicators
[2026-07-04T18:59:13Z] HEALTH certspotter=10/34 crtsh=12/16 urlscan=38/38 dns-google=144/144 dns-cf=144/144
[2026-07-04T18:59:13Z] no new indicators
[2026-07-05T02:24:05Z] HEALTH certspotter=11/34 crtsh=6/12 urlscan=38/38 dns-google=140/140 dns-cf=140/140
[2026-07-05T02:24:05Z] no new indicators
[2026-07-05T08:43:40Z] HEALTH certspotter=10/34 crtsh=0/3 urlscan=38/38 dns-google=140/140 dns-cf=140/140
[2026-07-05T08:43:40Z] HEALTH-NOTE crtsh degraded (0/3) — CT token/new-apex discovery skipped this run
[2026-07-05T08:43:40Z] no new indicators
[2026-07-05T13:14:53Z] HEALTH certspotter=12/34 crtsh=45/51 urlscan=38/38 dns-google=148/148 dns-cf=148/148
[2026-07-05T13:14:53Z] no new indicators
[2026-07-05T19:04:51Z] HEALTH certspotter=11/34 crtsh=30/34 urlscan=38/38 dns-google=148/148 dns-cf=148/148
[2026-07-05T19:04:51Z] no new indicators
[2026-07-06T02:28:43Z] HEALTH certspotter=11/34 crtsh=10/21 urlscan=38/38 dns-google=142/142 dns-cf=142/142
[2026-07-06T02:28:43Z] no new indicators
[2026-07-06T10:00:33Z] HEALTH certspotter=10/34 crtsh=0/3 urlscan=38/38 dns-google=140/140 dns-cf=140/140
[2026-07-06T10:00:33Z] HEALTH-NOTE crtsh degraded (0/3) — CT token/new-apex discovery skipped this run
[2026-07-06T10:00:33Z] no new indicators
[2026-07-06T15:16:01Z] HEALTH certspotter=10/34 crtsh=2/5 urlscan=38/38 dns-google=140/140 dns-cf=140/140
[2026-07-06T15:16:01Z] no new indicators
[2026-07-06T19:45:05Z] HEALTH certspotter=10/34 crtsh=1/4 urlscan=38/38 dns-google=140/140 dns-cf=140/140
[2026-07-06T19:45:05Z] no new indicators
[2026-07-07T02:24:24Z] HEALTH certspotter=10/34 crtsh=7/11 urlscan=38/38 dns-google=140/140 dns-cf=140/140
[2026-07-07T02:24:24Z] no new indicators
[2026-07-07T09:28:13Z] HEALTH certspotter=10/34 crtsh=1/5 urlscan=38/38 dns-google=140/140 dns-cf=140/140
[2026-07-07T09:28:13Z] no new indicators
[2026-07-07T14:12:11Z] HEALTH certspotter=11/34 crtsh=24/31 urlscan=38/38 dns-google=148/148 dns-cf=148/148
[2026-07-07T14:12:11Z] no new indicators
[2026-07-07T19:44:32Z] HEALTH certspotter=11/34 crtsh=3/6 urlscan=38/38 dns-google=140/140 dns-cf=140/140
[2026-07-07T19:44:32Z] no new indicators
[2026-07-08T01:57:59Z] HEALTH certspotter=11/34 crtsh=12/15 urlscan=38/38 dns-google=144/144 dns-cf=144/144
[2026-07-08T01:57:59Z] no new indicators
[2026-07-08T08:12:09Z] HEALTH certspotter=11/34 crtsh=0/3 urlscan=38/38 dns-google=140/140 dns-cf=140/140
[2026-07-08T08:12:09Z] HEALTH-NOTE crtsh degraded (0/3) — CT token/new-apex discovery skipped this run
[2026-07-08T08:12:09Z] no new indicators
[2026-07-08T13:46:15Z] HEALTH certspotter=12/34 crtsh=27/33 urlscan=38/38 dns-google=150/150 dns-cf=150/150
[2026-07-08T13:46:15Z] no new indicators
[2026-07-08T19:11:56Z] NEW ip  2606:4700:3033::6815:4c60  [dns (subito.cam) / Cloudflare-edge]
[2026-07-08T19:11:56Z] NEW ip  2606:4700:3037::ac43:c070  [dns (subito.cam) / Cloudflare-edge]
[2026-07-08T19:11:56Z] HEALTH certspotter=11/34 crtsh=0/3 urlscan=38/38 dns-google=140/140 dns-cf=140/140
[2026-07-08T19:11:56Z] HEALTH-NOTE crtsh degraded (0/3) — CT token/new-apex discovery skipped this run
[2026-07-08T19:11:56Z] 2 new indicator(s) this run
[2026-07-09T02:10:51Z] HEALTH certspotter=12/34 crtsh=10/17 urlscan=38/38 dns-google=142/142 dns-cf=142/142
[2026-07-09T02:10:51Z] no new indicators
[2026-07-09T09:24:55Z] HEALTH certspotter=11/34 crtsh=19/25 urlscan=38/38 dns-google=148/148 dns-cf=148/148
[2026-07-09T09:24:55Z] no new indicators
[2026-07-09T14:37:34Z] HEALTH certspotter=11/34 crtsh=25/33 urlscan=38/38 dns-google=148/148 dns-cf=148/148
[2026-07-09T14:37:34Z] no new indicators
[2026-07-09T19:25:57Z] HEALTH certspotter=11/34 crtsh=18/21 urlscan=38/38 dns-google=148/148 dns-cf=148/148
[2026-07-09T19:25:57Z] no new indicators
[2026-07-10T02:10:11Z] NEW domain  dba.lnvoicel-47293.com  [urlscan @172.67.216.229 / AS13335]
[2026-07-10T02:10:11Z] HEALTH certspotter=11/34 crtsh=2/5 urlscan=38/38 dns-google=142/142 dns-cf=142/142
[2026-07-10T02:10:11Z] AUTO-PROMOTE apex lnvoicel-47293.com (kit-fingerprint) -> now CT/DNS/scan-watched
[2026-07-10T02:10:11Z] 1 new indicator(s) this run
[2026-07-10T09:21:36Z] HEALTH certspotter=11/35 crtsh=3/9 urlscan=39/39 dns-google=144/144 dns-cf=144/144
[2026-07-10T09:21:36Z] no new indicators
[2026-07-10T14:04:53Z] NEW cert  lnvoicel-47293.com  [ct-log (apex subdomain)]
[2026-07-10T14:04:53Z] HEALTH certspotter=12/35 crtsh=41/48 urlscan=39/39 dns-google=154/154 dns-cf=154/154
[2026-07-10T14:04:53Z] 1 new indicator(s) this run
[2026-07-10T19:18:09Z] HEALTH certspotter=11/35 crtsh=3/6 urlscan=39/39 dns-google=144/144 dns-cf=144/144
[2026-07-10T19:18:09Z] no new indicators
[2026-07-11T01:56:05Z] HEALTH certspotter=10/35 crtsh=0/3 urlscan=39/39 dns-google=144/144 dns-cf=144/144
[2026-07-11T01:56:05Z] HEALTH-NOTE crtsh degraded (0/3) — CT token/new-apex discovery skipped this run
[2026-07-11T01:56:05Z] no new indicators
[2026-07-11T07:43:01Z] HEALTH certspotter=12/35 crtsh=27/34 urlscan=39/39 dns-google=154/154 dns-cf=154/154
[2026-07-11T07:43:01Z] no new indicators
[2026-07-11T13:00:57Z] HEALTH certspotter=10/35 crtsh=0/3 urlscan=39/39 dns-google=144/144 dns-cf=144/144
[2026-07-11T13:00:57Z] HEALTH-NOTE crtsh degraded (0/3) — CT token/new-apex discovery skipped this run
[2026-07-11T13:00:57Z] no new indicators
[2026-07-11T18:49:32Z] HEALTH certspotter=11/35 crtsh=10/15 urlscan=39/39 dns-google=146/146 dns-cf=146/146
[2026-07-11T18:49:32Z] no new indicators
[2026-07-12T01:59:14Z] HEALTH certspotter=11/35 crtsh=4/8 urlscan=39/39 dns-google=144/144 dns-cf=144/144
[2026-07-12T01:59:14Z] no new indicators
[2026-07-12T08:03:54Z] HEALTH certspotter=10/35 crtsh=0/3 urlscan=39/39 dns-google=144/144 dns-cf=144/144
[2026-07-12T08:03:54Z] HEALTH-NOTE crtsh degraded (0/3) — CT token/new-apex discovery skipped this run
[2026-07-12T08:03:54Z] no new indicators
[2026-07-12T13:01:32Z] HEALTH certspotter=10/35 crtsh=0/3 urlscan=39/39 dns-google=144/144 dns-cf=144/144
[2026-07-12T13:01:32Z] HEALTH-NOTE crtsh degraded (0/3) — CT token/new-apex discovery skipped this run
[2026-07-12T13:01:32Z] no new indicators
[2026-07-12T18:54:30Z] HEALTH certspotter=11/35 crtsh=43/52 urlscan=39/39 dns-google=152/152 dns-cf=152/152
[2026-07-12T18:54:30Z] no new indicators
[2026-07-13T02:01:09Z] HEALTH certspotter=10/35 crtsh=6/11 urlscan=39/39 dns-google=144/144 dns-cf=144/144
[2026-07-13T02:01:09Z] no new indicators
[2026-07-13T08:54:12Z] HEALTH certspotter=11/35 crtsh=13/17 urlscan=39/39 dns-google=152/152 dns-cf=152/152
[2026-07-13T08:54:12Z] no new indicators
[2026-07-13T14:16:39Z] HEALTH certspotter=11/35 crtsh=9/15 urlscan=39/39 dns-google=146/146 dns-cf=146/146
[2026-07-13T14:16:39Z] no new indicators
[2026-07-13T19:15:24Z] NEW ip  196.251.107.209  [dns (reigartkistlerdds.com) / NON-CF ORIGIN — high value]
[2026-07-13T19:15:24Z] HEALTH certspotter=11/35 crtsh=14/18 urlscan=39/39 dns-google=148/148 dns-cf=148/148
[2026-07-13T19:15:24Z] AUTO-PROMOTE origin 196.251.107.209 (non-CF, 0 apex) -> now page.ip-watched
[2026-07-13T19:15:24Z] 1 new indicator(s) this run
[2026-07-14T01:47:57Z] NEW domain  196.251.107.209  [urlscan @196.251.107.209 / AS214351]
[2026-07-14T01:47:57Z] HEALTH certspotter=12/35 crtsh=28/33 urlscan=40/40 dns-google=156/156 dns-cf=156/156
[2026-07-14T01:47:57Z] 1 new indicator(s) this run
[2026-07-14T07:50:04Z] HEALTH certspotter=11/35 crtsh=5/8 urlscan=40/40 dns-google=148/148 dns-cf=148/148
[2026-07-14T07:50:04Z] no new indicators
[2026-07-14T13:15:07Z] HEALTH certspotter=11/35 crtsh=0/3 urlscan=40/40 dns-google=146/146 dns-cf=146/146
[2026-07-14T13:15:07Z] HEALTH-NOTE crtsh degraded (0/3) — CT token/new-apex discovery skipped this run
[2026-07-14T13:15:07Z] no new indicators
[2026-07-14T19:06:30Z] HEALTH certspotter=11/35 crtsh=27/38 urlscan=40/40 dns-google=156/156 dns-cf=156/156
[2026-07-14T19:06:30Z] no new indicators
[2026-07-15T01:44:25Z] HEALTH certspotter=11/35 crtsh=31/35 urlscan=40/40 dns-google=154/154 dns-cf=154/154
[2026-07-15T01:44:25Z] no new indicators
[2026-07-15T07:53:37Z] HEALTH certspotter=12/35 crtsh=20/27 urlscan=40/40 dns-google=150/150 dns-cf=150/150
[2026-07-15T07:53:37Z] no new indicators
[2026-07-15T13:19:12Z] HEALTH certspotter=11/35 crtsh=13/20 urlscan=40/40 dns-google=146/146 dns-cf=146/146
[2026-07-15T13:19:12Z] no new indicators
[2026-07-15T18:58:44Z] HEALTH certspotter=11/35 crtsh=25/32 urlscan=40/40 dns-google=152/152 dns-cf=152/152
[2026-07-15T18:58:44Z] no new indicators
[2026-07-16T01:54:16Z] HEALTH certspotter=11/35 crtsh=27/33 urlscan=40/40 dns-google=154/154 dns-cf=154/154
[2026-07-16T01:54:16Z] no new indicators
[2026-07-16T07:59:19Z] NEW cert  fed-send.xyz  [ct-log (apex subdomain)]
[2026-07-16T07:59:19Z] HEALTH certspotter=10/35 crtsh=4/7 urlscan=40/40 dns-google=146/146 dns-cf=146/146
[2026-07-16T07:59:19Z] 1 new indicator(s) this run
[2026-07-16T13:26:14Z] HEALTH certspotter=10/35 crtsh=4/8 urlscan=39/40 dns-google=146/146 dns-cf=146/146
[2026-07-16T13:26:14Z] no new indicators
[2026-07-16T18:59:15Z] NEW cert  immrtl-hlpr.shop  [ct-log (apex subdomain)]
[2026-07-16T18:59:15Z] HEALTH certspotter=10/35 crtsh=2/5 urlscan=40/40 dns-google=146/146 dns-cf=146/146
[2026-07-16T18:59:15Z] 1 new indicator(s) this run
[2026-07-17T01:58:18Z] HEALTH certspotter=10/35 crtsh=8/14 urlscan=40/40 dns-google=148/148 dns-cf=148/148
[2026-07-17T01:58:18Z] no new indicators
[2026-07-17T07:55:42Z] HEALTH certspotter=11/35 crtsh=14/18 urlscan=40/40 dns-google=150/150 dns-cf=150/150
[2026-07-17T07:55:42Z] no new indicators
[2026-07-17T13:10:53Z] HEALTH certspotter=10/35 crtsh=3/6 urlscan=40/40 dns-google=146/146 dns-cf=146/146
[2026-07-17T13:10:53Z] no new indicators
[2026-07-17T18:56:39Z] HEALTH certspotter=10/35 crtsh=0/3 urlscan=40/40 dns-google=146/146 dns-cf=146/146
[2026-07-17T18:56:39Z] HEALTH-NOTE crtsh degraded (0/3) — CT token/new-apex discovery skipped this run
[2026-07-17T18:56:39Z] no new indicators
[2026-07-18T01:47:47Z] HEALTH certspotter=12/35 crtsh=19/30 urlscan=40/40 dns-google=152/152 dns-cf=152/152
[2026-07-18T01:47:47Z] no new indicators
[2026-07-18T07:31:01Z] HEALTH certspotter=10/35 crtsh=1/4 urlscan=40/40 dns-google=146/146 dns-cf=146/146
[2026-07-18T07:31:01Z] no new indicators
[2026-07-18T12:56:54Z] HEALTH certspotter=10/35 crtsh=16/20 urlscan=40/40 dns-google=146/146 dns-cf=146/146
[2026-07-18T12:56:54Z] no new indicators
[2026-07-18T18:52:04Z] HEALTH certspotter=10/35 crtsh=0/3 urlscan=40/40 dns-google=146/146 dns-cf=146/146
[2026-07-18T18:52:04Z] HEALTH-NOTE crtsh degraded (0/3) — CT token/new-apex discovery skipped this run
[2026-07-18T18:52:04Z] no new indicators
[2026-07-19T01:56:52Z] HEALTH certspotter=10/35 crtsh=3/6 urlscan=40/40 dns-google=146/146 dns-cf=146/146
[2026-07-19T01:56:52Z] no new indicators
[2026-07-19T08:03:09Z] HEALTH certspotter=10/35 crtsh=0/3 urlscan=40/40 dns-google=146/146 dns-cf=146/146
[2026-07-19T08:03:09Z] HEALTH-NOTE crtsh degraded (0/3) — CT token/new-apex discovery skipped this run
[2026-07-19T08:03:09Z] no new indicators
[2026-07-19T12:59:19Z] HEALTH certspotter=12/35 crtsh=26/36 urlscan=40/40 dns-google=154/154 dns-cf=154/154
[2026-07-19T12:59:19Z] no new indicators
[2026-07-19T18:54:49Z] HEALTH certspotter=11/35 crtsh=27/36 urlscan=40/40 dns-google=154/154 dns-cf=154/154
[2026-07-19T18:54:49Z] no new indicators
[2026-07-20T03:21:57Z] HEALTH certspotter=12/35 crtsh=45/52 urlscan=40/40 dns-google=156/156 dns-cf=156/156
[2026-07-20T03:21:57Z] no new indicators
[2026-07-20T08:44:29Z] HEALTH certspotter=10/35 crtsh=0/3 urlscan=40/40 dns-google=146/146 dns-cf=146/146
[2026-07-20T08:44:29Z] HEALTH-NOTE crtsh degraded (0/3) — CT token/new-apex discovery skipped this run
[2026-07-20T08:44:29Z] no new indicators
[2026-07-20T13:51:24Z] HEALTH certspotter=11/35 crtsh=14/25 urlscan=40/40 dns-google=150/150 dns-cf=150/150
[2026-07-20T13:51:24Z] no new indicators
[2026-07-20T19:28:14Z] HEALTH certspotter=11/35 crtsh=19/22 urlscan=40/40 dns-google=148/148 dns-cf=148/148
[2026-07-20T19:28:14Z] no new indicators
[2026-07-21T01:56:19Z] HEALTH certspotter=11/35 crtsh=9/12 urlscan=40/40 dns-google=148/148 dns-cf=148/148
[2026-07-21T01:56:19Z] no new indicators
[2026-07-21T08:11:45Z] HEALTH certspotter=10/35 crtsh=1/4 urlscan=40/40 dns-google=146/146 dns-cf=146/146
[2026-07-21T08:11:45Z] no new indicators
[2026-07-21T13:21:19Z] HEALTH certspotter=12/35 crtsh=25/35 urlscan=40/40 dns-google=154/154 dns-cf=154/154
[2026-07-21T13:21:19Z] no new indicators
[2026-07-21T19:06:51Z] HEALTH certspotter=10/35 crtsh=0/3 urlscan=40/40 dns-google=146/146 dns-cf=146/146
[2026-07-21T19:06:51Z] HEALTH-NOTE crtsh degraded (0/3) — CT token/new-apex discovery skipped this run
[2026-07-21T19:06:51Z] no new indicators
[2026-07-22T01:55:16Z] HEALTH certspotter=11/35 crtsh=17/23 urlscan=40/40 dns-google=148/148 dns-cf=148/148
[2026-07-22T01:55:16Z] no new indicators
[2026-07-22T08:12:06Z] HEALTH certspotter=10/35 crtsh=0/3 urlscan=40/40 dns-google=146/146 dns-cf=146/146
[2026-07-22T08:12:06Z] HEALTH-NOTE crtsh degraded (0/3) — CT token/new-apex discovery skipped this run
[2026-07-22T08:12:06Z] no new indicators
[2026-07-22T13:25:33Z] NEW ip  172.65.211.209  [dns (reigartkistlerdds.com) / Cloudflare-edge]
[2026-07-22T13:25:33Z] HEALTH certspotter=11/35 crtsh=12/19 urlscan=40/40 dns-google=148/148 dns-cf=148/148
[2026-07-22T13:25:33Z] 1 new indicator(s) this run
[2026-07-22T19:00:16Z] HEALTH certspotter=10/35 crtsh=0/3 urlscan=40/40 dns-google=146/146 dns-cf=146/146
[2026-07-22T19:00:16Z] HEALTH-NOTE crtsh degraded (0/3) — CT token/new-apex discovery skipped this run
[2026-07-22T19:00:16Z] no new indicators
[2026-07-23T02:03:09Z] HEALTH certspotter=10/35 crtsh=1/4 urlscan=40/40 dns-google=146/146 dns-cf=146/146
[2026-07-23T02:03:09Z] no new indicators
[2026-07-23T08:15:41Z] HEALTH certspotter=10/35 crtsh=0/3 urlscan=40/40 dns-google=146/146 dns-cf=146/146
[2026-07-23T08:15:41Z] HEALTH-NOTE crtsh degraded (0/3) — CT token/new-apex discovery skipped this run
[2026-07-23T08:15:41Z] no new indicators
[2026-07-23T13:29:18Z] HEALTH certspotter=11/35 crtsh=0/3 urlscan=40/40 dns-google=146/146 dns-cf=146/146
[2026-07-23T13:29:18Z] HEALTH-NOTE crtsh degraded (0/3) — CT token/new-apex discovery skipped this run
[2026-07-23T13:29:18Z] no new indicators
[2026-07-23T19:02:43Z] HEALTH certspotter=10/35 crtsh=0/3 urlscan=40/40 dns-google=146/146 dns-cf=146/146
[2026-07-23T19:02:43Z] HEALTH-NOTE crtsh degraded (0/3) — CT token/new-apex discovery skipped this run
[2026-07-23T19:02:43Z] no new indicators
[2026-07-24T01:58:27Z] HEALTH certspotter=10/35 crtsh=3/6 urlscan=40/40 dns-google=148/148 dns-cf=148/148
[2026-07-24T01:58:27Z] no new indicators
[2026-07-24T08:11:34Z] HEALTH certspotter=10/35 crtsh=3/6 urlscan=40/40 dns-google=146/146 dns-cf=146/146
[2026-07-24T08:11:34Z] no new indicators
[2026-07-24T13:21:39Z] HEALTH certspotter=10/35 crtsh=0/3 urlscan=40/40 dns-google=146/146 dns-cf=146/146
[2026-07-24T13:21:39Z] HEALTH-NOTE crtsh degraded (0/3) — CT token/new-apex discovery skipped this run
[2026-07-24T13:21:39Z] no new indicators
[2026-07-24T19:14:55Z] HEALTH certspotter=10/35 crtsh=0/3 urlscan=40/40 dns-google=146/146 dns-cf=146/146
[2026-07-24T19:14:55Z] HEALTH-NOTE crtsh degraded (0/3) — CT token/new-apex discovery skipped this run
[2026-07-24T19:14:55Z] no new indicators
[2026-07-25T01:57:25Z] HEALTH certspotter=10/35 crtsh=14/17 urlscan=40/40 dns-google=150/150 dns-cf=150/150
[2026-07-25T01:57:25Z] no new indicators
[2026-07-25T07:53:28Z] HEALTH certspotter=12/35 crtsh=22/36 urlscan=40/40 dns-google=152/152 dns-cf=152/152
[2026-07-25T07:53:28Z] no new indicators
[2026-07-25T13:06:18Z] HEALTH certspotter=0/35 crtsh=20/28 urlscan=40/40 dns-google=148/148 dns-cf=148/148
[2026-07-25T13:06:18Z] HEALTH-ALERT certspotter went DOWN
[2026-07-25T13:06:18Z] 1 new indicator(s) this run
[2026-07-25T18:56:06Z] HEALTH certspotter=0/35 crtsh=2/7 urlscan=40/40 dns-google=148/148 dns-cf=148/148
[2026-07-25T18:56:06Z] no new indicators
[2026-07-26T02:01:57Z] HEALTH certspotter=0/35 crtsh=1/4 urlscan=40/40 dns-google=146/146 dns-cf=146/146
[2026-07-26T02:01:57Z] no new indicators
[2026-07-26T08:12:14Z] HEALTH certspotter=0/35 crtsh=0/3 urlscan=40/40 dns-google=146/146 dns-cf=146/146
[2026-07-26T08:12:14Z] HEALTH-NOTE crtsh degraded (0/3) — CT token/new-apex discovery skipped this run
[2026-07-26T08:12:14Z] no new indicators
[2026-07-26T13:03:17Z] HEALTH certspotter=10/35 crtsh=3/8 urlscan=40/40 dns-google=146/146 dns-cf=146/146
[2026-07-26T13:03:17Z] HEALTH-RECOVERED certspotter
[2026-07-26T13:03:17Z] no new indicators
[2026-07-26T19:00:11Z] HEALTH certspotter=10/35 crtsh=0/3 urlscan=40/40 dns-google=146/146 dns-cf=146/146
[2026-07-26T19:00:11Z] HEALTH-NOTE crtsh degraded (0/3) — CT token/new-apex discovery skipped this run
[2026-07-26T19:00:11Z] no new indicators
[2026-07-27T02:09:35Z] HEALTH certspotter=10/35 crtsh=3/6 urlscan=40/40 dns-google=148/148 dns-cf=148/148
[2026-07-27T02:09:35Z] no new indicators
[2026-07-27T09:35:28Z] HEALTH certspotter=10/35 crtsh=8/11 urlscan=40/40 dns-google=150/150 dns-cf=150/150
[2026-07-27T09:35:28Z] no new indicators
[2026-07-27T14:14:13Z] HEALTH certspotter=10/35 crtsh=1/4 urlscan=40/40 dns-google=146/146 dns-cf=146/146
[2026-07-27T14:14:13Z] no new indicators
[2026-07-27T19:15:47Z] HEALTH certspotter=11/35 crtsh=12/15 urlscan=40/40 dns-google=150/150 dns-cf=150/150
[2026-07-27T19:15:47Z] no new indicators
[2026-07-28T01:50:06Z] HEALTH certspotter=10/35 crtsh=4/8 urlscan=40/40 dns-google=150/150 dns-cf=150/150
[2026-07-28T01:50:06Z] no new indicators
[2026-07-28T08:20:13Z] HEALTH certspotter=10/35 crtsh=0/3 urlscan=40/40 dns-google=146/146 dns-cf=146/146
[2026-07-28T08:20:13Z] HEALTH-NOTE crtsh degraded (0/3) — CT token/new-apex discovery skipped this run
[2026-07-28T08:20:13Z] no new indicators
[2026-07-28T13:45:59Z] HEALTH certspotter=10/35 crtsh=2/6 urlscan=40/40 dns-google=146/146 dns-cf=146/146
[2026-07-28T13:45:59Z] no new indicators
[2026-07-28T19:11:17Z] HEALTH certspotter=10/35 crtsh=0/3 urlscan=40/40 dns-google=146/146 dns-cf=146/146
[2026-07-28T19:11:17Z] HEALTH-NOTE crtsh degraded (0/3) — CT token/new-apex discovery skipped this run
[2026-07-28T19:11:17Z] no new indicators
[2026-07-29T01:53:10Z] HEALTH certspotter=10/35 crtsh=3/6 urlscan=40/40 dns-google=146/146 dns-cf=146/146
[2026-07-29T01:53:10Z] no new indicators
[2026-07-29T08:25:47Z] HEALTH certspotter=12/35 crtsh=24/36 urlscan=40/40 dns-google=152/152 dns-cf=152/152
[2026-07-29T08:25:47Z] no new indicators
[2026-07-29T13:50:53Z] HEALTH certspotter=10/35 crtsh=1/4 urlscan=40/40 dns-google=146/146 dns-cf=146/146
[2026-07-29T13:50:53Z] no new indicators
[2026-07-29T19:01:08Z] HEALTH certspotter=10/35 crtsh=0/3 urlscan=39/40 dns-google=146/146 dns-cf=146/146
[2026-07-29T19:01:08Z] HEALTH-NOTE crtsh degraded (0/3) — CT token/new-apex discovery skipped this run
[2026-07-29T19:01:08Z] no new indicators
[2026-07-30T01:45:31Z] HEALTH certspotter=10/35 crtsh=6/10 urlscan=40/40 dns-google=146/146 dns-cf=146/146
[2026-07-30T01:45:31Z] no new indicators
[2026-07-30T08:10:36Z] HEALTH certspotter=11/35 crtsh=8/14 urlscan=40/40 dns-google=148/148 dns-cf=148/148
[2026-07-30T08:10:36Z] no new indicators
[2026-07-30T13:41:30Z] HEALTH certspotter=10/35 crtsh=0/3 urlscan=40/40 dns-google=146/146 dns-cf=146/146
[2026-07-30T13:41:30Z] HEALTH-NOTE crtsh degraded (0/3) — CT token/new-apex discovery skipped this run
[2026-07-30T13:41:30Z] no new indicators
[2026-07-30T19:13:11Z] HEALTH certspotter=10/35 crtsh=0/3 urlscan=40/40 dns-google=146/146 dns-cf=146/146
[2026-07-30T19:13:11Z] HEALTH-NOTE crtsh degraded (0/3) — CT token/new-apex discovery skipped this run
[2026-07-30T19:13:11Z] no new indicators
[2026-07-31T02:03:12Z] HEALTH certspotter=10/35 crtsh=2/6 urlscan=40/40 dns-google=146/146 dns-cf=146/146
[2026-07-31T02:03:12Z] no new indicators
[2026-07-31T08:37:54Z] HEALTH certspotter=10/35 crtsh=4/8 urlscan=40/40 dns-google=146/146 dns-cf=146/146
[2026-07-31T08:37:54Z] no new indicators
[2026-07-31T13:45:52Z] HEALTH certspotter=11/35 crtsh=13/20 urlscan=40/40 dns-google=154/154 dns-cf=154/154
[2026-07-31T13:45:52Z] no new indicators
[2026-07-31T19:11:48Z] HEALTH certspotter=10/35 crtsh=1/4 urlscan=40/40 dns-google=146/146 dns-cf=146/146
[2026-07-31T19:11:48Z] no new indicators
[2026-08-01T02:04:40Z] HEALTH certspotter=11/35 crtsh=21/29 urlscan=40/40 dns-google=150/150 dns-cf=150/150
[2026-08-01T02:04:40Z] no new indicators
[2026-08-01T08:07:14Z] HEALTH certspotter=11/35 crtsh=15/24 urlscan=40/40 dns-google=150/150 dns-cf=150/150
[2026-08-01T08:07:14Z] no new indicators
[2026-08-01T13:01:56Z] HEALTH certspotter=10/35 crtsh=1/4 urlscan=40/40 dns-google=146/146 dns-cf=146/146
[2026-08-01T13:01:56Z] no new indicators
[2026-08-01T18:57:39Z] HEALTH certspotter=10/35 crtsh=1/4 urlscan=40/40 dns-google=148/148 dns-cf=148/148
[2026-08-01T18:57:39Z] no new indicators
[2026-08-02T02:01:13Z] HEALTH certspotter=0/35 crtsh=3/6 urlscan=40/40 dns-google=148/148 dns-cf=148/148
[2026-08-02T02:01:13Z] HEALTH-ALERT certspotter went DOWN
[2026-08-02T02:01:13Z] 1 new indicator(s) this run
[2026-08-02T08:09:00Z] HEALTH certspotter=0/35 crtsh=7/12 urlscan=40/40 dns-google=148/148 dns-cf=148/148
[2026-08-02T08:09:00Z] no new indicators
[2026-08-02T13:03:32Z] HEALTH certspotter=0/35 crtsh=8/12 urlscan=40/40 dns-google=146/146 dns-cf=146/146
[2026-08-02T13:03:32Z] no new indicators
[2026-08-02T18:58:56Z] HEALTH certspotter=10/35 crtsh=6/9 urlscan=40/40 dns-google=146/146 dns-cf=146/146
[2026-08-02T18:58:56Z] HEALTH-RECOVERED certspotter
[2026-08-02T18:58:56Z] no new indicators
[2026-08-03T02:03:30Z] HEALTH certspotter=10/35 crtsh=5/11 urlscan=40/40 dns-google=146/146 dns-cf=146/146
[2026-08-03T02:03:30Z] no new indicators
[2026-08-03T09:28:03Z] HEALTH certspotter=11/35 crtsh=10/18 urlscan=40/40 dns-google=150/150 dns-cf=150/150
[2026-08-03T09:28:03Z] no new indicators
[2026-08-03T14:21:02Z] HEALTH certspotter=10/35 crtsh=0/3 urlscan=40/40 dns-google=146/146 dns-cf=146/146
[2026-08-03T14:21:02Z] HEALTH-NOTE crtsh degraded (0/3) — CT token/new-apex discovery skipped this run
[2026-08-03T14:21:02Z] no new indicators
[2026-08-03T19:21:38Z] HEALTH certspotter=10/35 crtsh=3/6 urlscan=40/40 dns-google=148/148 dns-cf=148/148
[2026-08-03T19:21:38Z] no new indicators
[2026-08-04T01:48:58Z] HEALTH certspotter=10/35 crtsh=6/11 urlscan=40/40 dns-google=148/148 dns-cf=148/148
[2026-08-04T01:48:58Z] no new indicators
[2026-08-04T08:25:02Z] HEALTH certspotter=10/35 crtsh=0/3 urlscan=40/40 dns-google=146/146 dns-cf=146/146
[2026-08-04T08:25:02Z] HEALTH-NOTE crtsh degraded (0/3) — CT token/new-apex discovery skipped this run
[2026-08-04T08:25:02Z] no new indicators
[2026-08-04T13:52:12Z] HEALTH certspotter=10/35 crtsh=2/5 urlscan=40/40 dns-google=146/146 dns-cf=146/146
[2026-08-04T13:52:12Z] no new indicators
[2026-08-04T19:20:34Z] HEALTH certspotter=10/35 crtsh=4/7 urlscan=40/40 dns-google=146/146 dns-cf=146/146
[2026-08-04T19:20:34Z] no new indicators
[2026-08-05T01:50:16Z] HEALTH certspotter=10/35 crtsh=2/6 urlscan=40/40 dns-google=148/148 dns-cf=148/148
[2026-08-05T01:50:16Z] no new indicators
[2026-08-05T08:22:54Z] HEALTH certspotter=10/35 crtsh=2/7 urlscan=40/40 dns-google=148/148 dns-cf=148/148
[2026-08-05T08:22:54Z] no new indicators
[2026-08-05T13:48:19Z] HEALTH certspotter=10/35 crtsh=2/5 urlscan=40/40 dns-google=146/146 dns-cf=146/146
[2026-08-05T13:48:19Z] no new indicators
[2026-08-05T19:18:26Z] HEALTH certspotter=10/35 crtsh=9/14 urlscan=40/40 dns-google=150/150 dns-cf=150/150
[2026-08-05T19:18:26Z] no new indicators
[2026-08-06T01:51:10Z] HEALTH certspotter=10/35 crtsh=0/3 urlscan=40/40 dns-google=146/146 dns-cf=146/146
[2026-08-06T01:51:10Z] HEALTH-NOTE crtsh degraded (0/3) — CT token/new-apex discovery skipped this run
[2026-08-06T01:51:10Z] no new indicators
[2026-08-06T08:19:56Z] HEALTH certspotter=10/35 crtsh=0/3 urlscan=40/40 dns-google=146/146 dns-cf=146/146
[2026-08-06T08:19:56Z] HEALTH-NOTE crtsh degraded (0/3) — CT token/new-apex discovery skipped this run
[2026-08-06T08:19:56Z] no new indicators
[2026-08-06T13:45:40Z] HEALTH certspotter=10/35 crtsh=6/11 urlscan=40/40 dns-google=148/148 dns-cf=148/148
[2026-08-06T13:45:40Z] no new indicators
[2026-08-06T23:51:51Z] HEALTH certspotter=11/35 crtsh=17/28 urlscan=40/40 dns-google=154/154 dns-cf=154/154
[2026-08-06T23:51:51Z] no new indicators
[2026-08-07T02:13:54Z] HEALTH certspotter=10/35 crtsh=5/14 urlscan=40/40 dns-google=146/146 dns-cf=146/146
[2026-08-07T02:13:54Z] no new indicators
[2026-08-07T07:02:29Z] HEALTH certspotter=10/35 crtsh=1/4 urlscan=40/40 dns-google=148/148 dns-cf=148/148
[2026-08-07T07:02:29Z] no new indicators
[2026-08-07T12:43:49Z] HEALTH certspotter=10/35 crtsh=6/11 urlscan=40/40 dns-google=148/148 dns-cf=148/148
[2026-08-07T12:43:49Z] no new indicators
[2026-08-07T18:42:43Z] HEALTH certspotter=10/35 crtsh=1/4 urlscan=40/40 dns-google=148/148 dns-cf=148/148
[2026-08-07T18:42:43Z] no new indicators
[2026-08-08T01:02:14Z] HEALTH certspotter=10/35 crtsh=0/3 urlscan=40/40 dns-google=146/146 dns-cf=146/146
[2026-08-08T01:02:14Z] HEALTH-NOTE crtsh degraded (0/3) — CT token/new-apex discovery skipped this run
[2026-08-08T01:02:14Z] no new indicators
[2026-08-08T06:37:49Z] HEALTH certspotter=10/35 crtsh=0/3 urlscan=40/40 dns-google=146/146 dns-cf=146/146
[2026-08-08T06:37:49Z] HEALTH-NOTE crtsh degraded (0/3) — CT token/new-apex discovery skipped this run
[2026-08-08T06:37:49Z] no new indicators
[2026-08-08T12:31:09Z] HEALTH certspotter=10/35 crtsh=0/3 urlscan=40/40 dns-google=146/146 dns-cf=146/146
[2026-08-08T12:31:09Z] HEALTH-NOTE crtsh degraded (0/3) — CT token/new-apex discovery skipped this run
[2026-08-08T12:31:09Z] no new indicators
[2026-08-08T18:24:50Z] HEALTH certspotter=10/35 crtsh=2/5 urlscan=40/40 dns-google=148/148 dns-cf=148/148
[2026-08-08T18:24:50Z] no new indicators
[2026-08-09T01:06:15Z] HEALTH certspotter=10/35 crtsh=0/3 urlscan=40/40 dns-google=146/146 dns-cf=146/146
[2026-08-09T01:06:15Z] HEALTH-NOTE crtsh degraded (0/3) — CT token/new-apex discovery skipped this run
[2026-08-09T01:06:15Z] no new indicators
[2026-08-09T06:41:20Z] HEALTH certspotter=10/35 crtsh=3/6 urlscan=40/40 dns-google=148/148 dns-cf=148/148
[2026-08-09T06:41:20Z] no new indicators
[2026-08-09T12:33:09Z] HEALTH certspotter=10/35 crtsh=3/7 urlscan=40/40 dns-google=146/146 dns-cf=146/146
[2026-08-09T12:33:09Z] no new indicators
[2026-08-09T18:28:10Z] HEALTH certspotter=10/35 crtsh=7/12 urlscan=40/40 dns-google=148/148 dns-cf=148/148
[2026-08-09T18:28:10Z] no new indicators
[2026-08-10T01:07:49Z] HEALTH certspotter=10/35 crtsh=1/4 urlscan=40/40 dns-google=146/146 dns-cf=146/146
[2026-08-10T01:07:49Z] no new indicators
[2026-08-10T07:15:32Z] HEALTH certspotter=10/35 crtsh=0/3 urlscan=40/40 dns-google=146/146 dns-cf=146/146
[2026-08-10T07:15:32Z] HEALTH-NOTE crtsh degraded (0/3) — CT token/new-apex discovery skipped this run
[2026-08-10T07:15:32Z] no new indicators
[2026-08-10T12:51:08Z] HEALTH certspotter=10/35 crtsh=2/7 urlscan=40/40 dns-google=146/146 dns-cf=146/146
[2026-08-10T12:51:08Z] no new indicators
[2026-08-10T18:44:36Z] HEALTH certspotter=10/35 crtsh=0/3 urlscan=40/40 dns-google=146/146 dns-cf=146/146
[2026-08-10T18:44:36Z] HEALTH-NOTE crtsh degraded (0/3) — CT token/new-apex discovery skipped this run
[2026-08-10T18:44:36Z] no new indicators
[2026-08-11T01:06:50Z] HEALTH certspotter=10/35 crtsh=0/3 urlscan=40/40 dns-google=146/146 dns-cf=146/146
[2026-08-11T01:06:50Z] HEALTH-NOTE crtsh degraded (0/3) — CT token/new-apex discovery skipped this run
[2026-08-11T01:06:50Z] no new indicators
[2026-08-11T06:53:26Z] HEALTH certspotter=10/35 crtsh=0/3 urlscan=40/40 dns-google=146/146 dns-cf=146/146
[2026-08-11T06:53:26Z] HEALTH-NOTE crtsh degraded (0/3) — CT token/new-apex discovery skipped this run
[2026-08-11T06:53:26Z] no new indicators
[2026-08-11T12:45:00Z] HEALTH certspotter=10/35 crtsh=4/7 urlscan=40/40 dns-google=148/148 dns-cf=148/148
[2026-08-11T12:45:00Z] no new indicators
[2026-08-11T18:51:19Z] HEALTH certspotter=10/35 crtsh=0/3 urlscan=40/40 dns-google=146/146 dns-cf=146/146
[2026-08-11T18:51:19Z] HEALTH-NOTE crtsh degraded (0/3) — CT token/new-apex discovery skipped this run
[2026-08-11T18:51:19Z] no new indicators
[2026-08-12T01:14:39Z] HEALTH certspotter=10/35 crtsh=0/3 urlscan=38/40 dns-google=146/146 dns-cf=146/146
[2026-08-12T01:14:39Z] HEALTH-NOTE crtsh degraded (0/3) — CT token/new-apex discovery skipped this run
[2026-08-12T01:14:39Z] no new indicators
[2026-08-12T07:12:28Z] HEALTH certspotter=10/35 crtsh=5/12 urlscan=40/40 dns-google=146/146 dns-cf=146/146
[2026-08-12T07:12:28Z] no new indicators
[2026-08-12T12:51:11Z] HEALTH certspotter=10/35 crtsh=0/3 urlscan=40/40 dns-google=146/146 dns-cf=146/146
[2026-08-12T12:51:11Z] HEALTH-NOTE crtsh degraded (0/3) — CT token/new-apex discovery skipped this run
[2026-08-12T12:51:11Z] no new indicators
[2026-08-12T18:51:41Z] HEALTH certspotter=10/35 crtsh=6/12 urlscan=40/40 dns-google=148/148 dns-cf=148/148
[2026-08-12T18:51:41Z] no new indicators
[2026-08-13T01:16:25Z] HEALTH certspotter=11/35 crtsh=7/14 urlscan=40/40 dns-google=146/146 dns-cf=146/146
[2026-08-13T01:16:25Z] no new indicators
[2026-08-13T07:15:33Z] HEALTH certspotter=10/35 crtsh=0/3 urlscan=40/40 dns-google=146/146 dns-cf=146/146
[2026-08-13T07:15:33Z] HEALTH-NOTE crtsh degraded (0/3) — CT token/new-apex discovery skipped this run
[2026-08-13T07:15:33Z] no new indicators
[2026-08-13T12:52:16Z] HEALTH certspotter=10/35 crtsh=0/3 urlscan=40/40 dns-google=146/146 dns-cf=146/146
[2026-08-13T12:52:16Z] HEALTH-NOTE crtsh degraded (0/3) — CT token/new-apex discovery skipped this run
[2026-08-13T12:52:16Z] no new indicators
[2026-08-13T18:51:48Z] HEALTH certspotter=11/35 crtsh=29/34 urlscan=40/40 dns-google=156/156 dns-cf=156/156
[2026-08-13T18:51:48Z] no new indicators
[2026-08-14T01:14:59Z] HEALTH certspotter=11/35 crtsh=23/29 urlscan=40/40 dns-google=154/154 dns-cf=154/154
[2026-08-14T01:14:59Z] no new indicators
[2026-08-14T07:12:46Z] HEALTH certspotter=11/35 crtsh=38/46 urlscan=40/40 dns-google=154/154 dns-cf=154/154
[2026-08-14T07:12:46Z] no new indicators
[2026-08-14T12:46:24Z] HEALTH certspotter=11/35 crtsh=45/52 urlscan=40/40 dns-google=154/154 dns-cf=154/154
[2026-08-14T12:46:24Z] no new indicators
[2026-08-14T18:42:17Z] HEALTH certspotter=11/35 crtsh=44/52 urlscan=40/40 dns-google=154/154 dns-cf=154/154
[2026-08-14T18:42:17Z] no new indicators
[2026-08-15T00:46:57Z] HEALTH certspotter=10/35 crtsh=21/25 urlscan=40/40 dns-google=152/152 dns-cf=152/152
[2026-08-15T00:46:57Z] no new indicators
[2026-08-15T06:23:37Z] HEALTH certspotter=11/35 crtsh=28/33 urlscan=40/40 dns-google=152/152 dns-cf=152/152
[2026-08-15T06:23:37Z] no new indicators
[2026-08-15T12:21:04Z] HEALTH certspotter=11/35 crtsh=44/52 urlscan=40/40 dns-google=152/152 dns-cf=152/152
[2026-08-15T12:21:04Z] no new indicators
[2026-08-15T18:17:17Z] HEALTH certspotter=10/35 crtsh=19/23 urlscan=40/40 dns-google=152/152 dns-cf=152/152
[2026-08-15T18:17:17Z] no new indicators
[2026-08-16T00:51:05Z] HEALTH certspotter=10/35 crtsh=2/5 urlscan=40/40 dns-google=146/146 dns-cf=146/146
[2026-08-16T00:51:05Z] no new indicators
[2026-08-16T06:25:44Z] HEALTH certspotter=11/35 crtsh=30/38 urlscan=40/40 dns-google=152/152 dns-cf=152/152
[2026-08-16T06:25:44Z] no new indicators
[2026-08-16T12:22:34Z] HEALTH certspotter=11/35 crtsh=32/36 urlscan=40/40 dns-google=154/154 dns-cf=154/154
[2026-08-16T12:22:34Z] no new indicators
[2026-08-16T18:17:16Z] HEALTH certspotter=10/35 crtsh=13/17 urlscan=40/40 dns-google=148/148 dns-cf=148/148
[2026-08-16T18:17:16Z] no new indicators
[2026-08-17T00:48:20Z] HEALTH certspotter=11/35 crtsh=44/51 urlscan=40/40 dns-google=154/154 dns-cf=154/154
[2026-08-17T00:48:20Z] no new indicators
[2026-08-17T06:37:08Z] HEALTH certspotter=11/35 crtsh=48/52 urlscan=40/40 dns-google=156/156 dns-cf=156/156
[2026-08-17T06:37:08Z] no new indicators
[2026-08-17T12:27:15Z] HEALTH certspotter=10/35 crtsh=0/3 urlscan=40/40 dns-google=146/146 dns-cf=146/146
[2026-08-17T12:27:15Z] HEALTH-NOTE crtsh degraded (0/3) — CT token/new-apex discovery skipped this run
[2026-08-17T12:27:15Z] no new indicators
[2026-08-17T18:26:32Z] HEALTH certspotter=10/35 crtsh=0/3 urlscan=40/40 dns-google=146/146 dns-cf=146/146
[2026-08-17T18:26:32Z] HEALTH-NOTE crtsh degraded (0/3) — CT token/new-apex discovery skipped this run
[2026-08-17T18:26:32Z] no new indicators
[2026-08-18T00:46:12Z] HEALTH certspotter=10/35 crtsh=6/9 urlscan=40/40 dns-google=148/148 dns-cf=148/148
[2026-08-18T00:46:12Z] no new indicators
[2026-08-18T06:29:01Z] HEALTH certspotter=10/35 crtsh=0/3 urlscan=40/40 dns-google=146/146 dns-cf=146/146
[2026-08-18T06:29:01Z] HEALTH-NOTE crtsh degraded (0/3) — CT token/new-apex discovery skipped this run
[2026-08-18T06:29:01Z] no new indicators
[2026-08-18T12:29:10Z] HEALTH certspotter=10/35 crtsh=0/3 urlscan=40/40 dns-google=146/146 dns-cf=146/146
[2026-08-18T12:29:10Z] HEALTH-NOTE crtsh degraded (0/3) — CT token/new-apex discovery skipped this run
[2026-08-18T12:29:10Z] no new indicators
[2026-08-18T18:25:20Z] HEALTH certspotter=10/35 crtsh=1/4 urlscan=40/40 dns-google=146/146 dns-cf=146/146
[2026-08-18T18:25:20Z] no new indicators
[2026-08-19T00:46:37Z] HEALTH certspotter=10/35 crtsh=0/3 urlscan=40/40 dns-google=146/146 dns-cf=146/146
[2026-08-19T00:46:37Z] HEALTH-NOTE crtsh degraded (0/3) — CT token/new-apex discovery skipped this run
[2026-08-19T00:46:37Z] no new indicators
[2026-08-19T06:29:33Z] HEALTH certspotter=10/35 crtsh=0/3 urlscan=40/40 dns-google=146/146 dns-cf=146/146
[2026-08-19T06:29:33Z] HEALTH-NOTE crtsh degraded (0/3) — CT token/new-apex discovery skipped this run
[2026-08-19T06:29:33Z] no new indicators
[2026-08-19T12:29:10Z] HEALTH certspotter=10/35 crtsh=0/3 urlscan=40/40 dns-google=146/146 dns-cf=146/146
[2026-08-19T12:29:10Z] HEALTH-NOTE crtsh degraded (0/3) — CT token/new-apex discovery skipped this run
[2026-08-19T12:29:10Z] no new indicators
[2026-08-19T18:21:57Z] HEALTH certspotter=10/35 crtsh=0/3 urlscan=40/40 dns-google=146/146 dns-cf=146/146
[2026-08-19T18:21:57Z] HEALTH-NOTE crtsh degraded (0/3) — CT token/new-apex discovery skipped this run
[2026-08-19T18:21:57Z] no new indicators
[2026-08-20T00:46:36Z] HEALTH certspotter=10/35 crtsh=0/3 urlscan=40/40 dns-google=146/146 dns-cf=146/146
[2026-08-20T00:46:36Z] HEALTH-NOTE crtsh degraded (0/3) — CT token/new-apex discovery skipped this run
[2026-08-20T00:46:36Z] no new indicators
[2026-08-20T06:31:35Z] HEALTH certspotter=10/35 crtsh=0/3 urlscan=40/40 dns-google=146/146 dns-cf=146/146
[2026-08-20T06:31:35Z] HEALTH-NOTE crtsh degraded (0/3) — CT token/new-apex discovery skipped this run
[2026-08-20T06:31:35Z] no new indicators
[2026-08-20T12:31:15Z] HEALTH certspotter=10/35 crtsh=0/3 urlscan=40/40 dns-google=146/146 dns-cf=146/146
[2026-08-20T12:31:15Z] HEALTH-NOTE crtsh degraded (0/3) — CT token/new-apex discovery skipped this run
[2026-08-20T12:31:15Z] no new indicators
[2026-08-20T18:27:00Z] HEALTH certspotter=10/35 crtsh=0/3 urlscan=40/40 dns-google=146/146 dns-cf=146/146
[2026-08-20T18:27:00Z] HEALTH-NOTE crtsh degraded (0/3) — CT token/new-apex discovery skipped this run
[2026-08-20T18:27:00Z] no new indicators
[2026-08-21T00:51:26Z] HEALTH certspotter=10/35 crtsh=0/3 urlscan=40/40 dns-google=146/146 dns-cf=146/146
[2026-08-21T00:51:26Z] HEALTH-NOTE crtsh degraded (0/3) — CT token/new-apex discovery skipped this run
[2026-08-21T00:51:26Z] no new indicators
[2026-08-21T06:32:14Z] HEALTH certspotter=10/35 crtsh=0/3 urlscan=40/40 dns-google=146/146 dns-cf=146/146
[2026-08-21T06:32:14Z] HEALTH-NOTE crtsh degraded (0/3) — CT token/new-apex discovery skipped this run
[2026-08-21T06:32:14Z] no new indicators
[2026-08-21T12:30:15Z] HEALTH certspotter=10/35 crtsh=0/3 urlscan=40/40 dns-google=146/146 dns-cf=146/146
[2026-08-21T12:30:15Z] HEALTH-NOTE crtsh degraded (0/3) — CT token/new-apex discovery skipped this run
[2026-08-21T12:30:15Z] no new indicators
[2026-08-21T18:24:55Z] HEALTH certspotter=10/35 crtsh=1/4 urlscan=40/40 dns-google=148/148 dns-cf=148/148
[2026-08-21T18:24:55Z] no new indicators
[2026-08-22T00:46:58Z] HEALTH certspotter=10/35 crtsh=0/3 urlscan=40/40 dns-google=146/146 dns-cf=146/146
[2026-08-22T00:46:58Z] HEALTH-NOTE crtsh degraded (0/3) — CT token/new-apex discovery skipped this run
[2026-08-22T00:46:58Z] no new indicators
[2026-08-22T06:25:36Z] HEALTH certspotter=10/35 crtsh=0/3 urlscan=40/40 dns-google=146/146 dns-cf=146/146
[2026-08-22T06:25:36Z] HEALTH-NOTE crtsh degraded (0/3) — CT token/new-apex discovery skipped this run
[2026-08-22T06:25:36Z] no new indicators
[2026-08-22T12:21:55Z] HEALTH certspotter=10/35 crtsh=3/7 urlscan=40/40 dns-google=146/146 dns-cf=146/146
[2026-08-22T12:21:55Z] no new indicators
[2026-08-22T18:17:31Z] HEALTH certspotter=10/35 crtsh=1/4 urlscan=40/40 dns-google=148/148 dns-cf=148/148
[2026-08-22T18:17:31Z] no new indicators
[2026-08-23T00:51:57Z] HEALTH certspotter=10/35 crtsh=2/7 urlscan=40/40 dns-google=146/146 dns-cf=146/146
[2026-08-23T00:51:57Z] no new indicators
[2026-08-23T06:27:07Z] HEALTH certspotter=10/35 crtsh=0/3 urlscan=40/40 dns-google=146/146 dns-cf=146/146
[2026-08-23T06:27:07Z] HEALTH-NOTE crtsh degraded (0/3) — CT token/new-apex discovery skipped this run
[2026-08-23T06:27:07Z] no new indicators
[2026-08-23T12:22:21Z] HEALTH certspotter=10/35 crtsh=0/3 urlscan=40/40 dns-google=146/146 dns-cf=146/146
[2026-08-23T12:22:21Z] HEALTH-NOTE crtsh degraded (0/3) — CT token/new-apex discovery skipped this run
[2026-08-23T12:22:21Z] no new indicators
[2026-08-23T18:17:18Z] HEALTH certspotter=10/35 crtsh=0/3 urlscan=40/40 dns-google=146/146 dns-cf=146/146
[2026-08-23T18:17:18Z] HEALTH-NOTE crtsh degraded (0/3) — CT token/new-apex discovery skipped this run
[2026-08-23T18:17:18Z] no new indicators
[2026-08-24T00:49:35Z] HEALTH certspotter=10/35 crtsh=0/3 urlscan=40/40 dns-google=146/146 dns-cf=146/146
[2026-08-24T00:49:35Z] HEALTH-NOTE crtsh degraded (0/3) — CT token/new-apex discovery skipped this run
[2026-08-24T00:49:35Z] no new indicators
[2026-08-24T06:40:01Z] HEALTH certspotter=10/35 crtsh=0/3 urlscan=40/40 dns-google=146/146 dns-cf=146/146
[2026-08-24T06:40:01Z] HEALTH-NOTE crtsh degraded (0/3) — CT token/new-apex discovery skipped this run
[2026-08-24T06:40:01Z] no new indicators
[2026-08-24T12:32:00Z] HEALTH certspotter=10/35 crtsh=0/3 urlscan=40/40 dns-google=146/146 dns-cf=146/146
[2026-08-24T12:32:00Z] HEALTH-NOTE crtsh degraded (0/3) — CT token/new-apex discovery skipped this run
[2026-08-24T12:32:00Z] no new indicators
[2026-08-24T18:28:20Z] HEALTH certspotter=10/35 crtsh=0/3 urlscan=40/40 dns-google=146/146 dns-cf=146/146
[2026-08-24T18:28:20Z] HEALTH-NOTE crtsh degraded (0/3) — CT token/new-apex discovery skipped this run
[2026-08-24T18:28:20Z] no new indicators
[2026-08-25T00:49:09Z] HEALTH certspotter=10/35 crtsh=0/3 urlscan=40/40 dns-google=146/146 dns-cf=146/146
[2026-08-25T00:49:09Z] HEALTH-NOTE crtsh degraded (0/3) — CT token/new-apex discovery skipped this run
[2026-08-25T00:49:09Z] no new indicators
[2026-08-25T06:32:24Z] HEALTH certspotter=10/35 crtsh=1/4 urlscan=40/40 dns-google=148/148 dns-cf=148/148
[2026-08-25T06:32:24Z] no new indicators
[2026-08-25T12:32:06Z] HEALTH certspotter=10/35 crtsh=0/3 urlscan=40/40 dns-google=146/146 dns-cf=146/146
[2026-08-25T12:32:06Z] HEALTH-NOTE crtsh degraded (0/3) — CT token/new-apex discovery skipped this run
[2026-08-25T12:32:06Z] no new indicators
[2026-08-25T18:27:17Z] HEALTH certspotter=10/35 crtsh=0/3 urlscan=40/40 dns-google=146/146 dns-cf=146/146
[2026-08-25T18:27:17Z] HEALTH-NOTE crtsh degraded (0/3) — CT token/new-apex discovery skipped this run
[2026-08-25T18:27:17Z] no new indicators
[2026-08-26T00:50:30Z] HEALTH certspotter=10/35 crtsh=0/3 urlscan=40/40 dns-google=146/146 dns-cf=146/146
[2026-08-26T00:50:30Z] HEALTH-NOTE crtsh degraded (0/3) — CT token/new-apex discovery skipped this run
[2026-08-26T00:50:30Z] no new indicators
[2026-08-26T06:34:13Z] HEALTH certspotter=10/35 crtsh=0/3 urlscan=40/40 dns-google=146/146 dns-cf=146/146
[2026-08-26T06:34:13Z] HEALTH-NOTE crtsh degraded (0/3) — CT token/new-apex discovery skipped this run
[2026-08-26T06:34:13Z] no new indicators
[2026-08-26T12:35:07Z] HEALTH certspotter=10/35 crtsh=0/3 urlscan=40/40 dns-google=146/146 dns-cf=146/146
[2026-08-26T12:35:07Z] HEALTH-NOTE crtsh degraded (0/3) — CT token/new-apex discovery skipped this run
[2026-08-26T12:35:07Z] no new indicators
[2026-08-26T19:39:04Z] HEALTH certspotter=10/35 crtsh=0/3 urlscan=40/40 dns-google=146/146 dns-cf=146/146
[2026-08-26T19:39:04Z] HEALTH-NOTE crtsh degraded (0/3) — CT token/new-apex discovery skipped this run
[2026-08-26T19:39:04Z] no new indicators
[2026-08-27T06:24:46Z] HEALTH certspotter=10/35 crtsh=1/4 urlscan=40/40 dns-google=146/146 dns-cf=146/146
[2026-08-27T06:24:46Z] no new indicators
[2026-08-27T21:30:49Z] HEALTH certspotter=10/35 crtsh=0/3 urlscan=40/40 dns-google=146/146 dns-cf=146/146
[2026-08-27T21:30:49Z] HEALTH-NOTE crtsh degraded (0/3) — CT token/new-apex discovery skipped this run
[2026-08-27T21:30:49Z] no new indicators
[2026-08-28T08:16:15Z] HEALTH certspotter=10/35 crtsh=0/3 urlscan=40/40 dns-google=146/146 dns-cf=146/146
[2026-08-28T08:16:15Z] HEALTH-NOTE crtsh degraded (0/3) — CT token/new-apex discovery skipped this run
[2026-08-28T08:16:15Z] no new indicators
[2026-08-28T21:37:10Z] HEALTH certspotter=10/35 crtsh=2/5 urlscan=40/40 dns-google=146/146 dns-cf=146/146
[2026-08-28T21:37:10Z] no new indicators
[2026-08-29T04:59:23Z] HEALTH certspotter=11/35 crtsh=0/3 urlscan=40/40 dns-google=146/146 dns-cf=146/146
[2026-08-29T04:59:23Z] HEALTH-NOTE crtsh degraded (0/3) — CT token/new-apex discovery skipped this run
[2026-08-29T04:59:23Z] no new indicators
[2026-08-29T12:02:10Z] HEALTH certspotter=10/35 crtsh=0/3 urlscan=40/40 dns-google=146/146 dns-cf=146/146
[2026-08-29T12:02:10Z] HEALTH-NOTE crtsh degraded (0/3) — CT token/new-apex discovery skipped this run
[2026-08-29T12:02:10Z] no new indicators
[2026-08-29T20:14:27Z] HEALTH certspotter=10/35 crtsh=2/5 urlscan=40/40 dns-google=146/146 dns-cf=146/146
[2026-08-29T20:14:27Z] no new indicators
[2026-08-30T02:47:43Z] HEALTH certspotter=10/35 crtsh=0/3 urlscan=40/40 dns-google=146/146 dns-cf=146/146
[2026-08-30T02:47:43Z] HEALTH-NOTE crtsh degraded (0/3) — CT token/new-apex discovery skipped this run
[2026-08-30T02:47:43Z] no new indicators
[2026-08-30T10:58:41Z] HEALTH certspotter=10/35 crtsh=2/6 urlscan=40/40 dns-google=146/146 dns-cf=146/146
[2026-08-30T10:58:41Z] no new indicators
[2026-08-30T15:48:03Z] HEALTH certspotter=10/35 crtsh=0/3 urlscan=40/40 dns-google=146/146 dns-cf=146/146
[2026-08-30T15:48:03Z] HEALTH-NOTE crtsh degraded (0/3) — CT token/new-apex discovery skipped this run
[2026-08-30T15:48:03Z] no new indicators
[2026-08-30T20:20:34Z] HEALTH certspotter=10/35 crtsh=0/3 urlscan=40/40 dns-google=146/146 dns-cf=146/146
[2026-08-30T20:20:34Z] HEALTH-NOTE crtsh degraded (0/3) — CT token/new-apex discovery skipped this run
[2026-08-30T20:20:34Z] no new indicators
[2026-08-31T02:41:15Z] HEALTH certspotter=10/35 crtsh=0/3 urlscan=40/40 dns-google=146/146 dns-cf=146/146
[2026-08-31T02:41:15Z] HEALTH-NOTE crtsh degraded (0/3) — CT token/new-apex discovery skipped this run
[2026-08-31T02:41:15Z] no new indicators
[2026-08-31T12:18:21Z] HEALTH certspotter=10/35 crtsh=0/3 urlscan=40/40 dns-google=146/146 dns-cf=146/146
[2026-08-31T12:18:21Z] HEALTH-NOTE crtsh degraded (0/3) — CT token/new-apex discovery skipped this run
[2026-08-31T12:18:21Z] no new indicators
[2026-08-31T22:14:14Z] HEALTH certspotter=10/35 crtsh=6/10 urlscan=40/40 dns-google=146/146 dns-cf=146/146
[2026-08-31T22:14:14Z] no new indicators
[2026-09-01T02:53:20Z] HEALTH certspotter=10/35 crtsh=0/3 urlscan=40/40 dns-google=146/146 dns-cf=146/146
[2026-09-01T02:53:20Z] HEALTH-NOTE crtsh degraded (0/3) — CT token/new-apex discovery skipped this run
[2026-09-01T02:53:20Z] no new indicators
[2026-09-01T10:52:49Z] HEALTH certspotter=10/35 crtsh=1/4 urlscan=40/40 dns-google=146/146 dns-cf=146/146
[2026-09-01T10:52:49Z] no new indicators
[2026-09-01T15:50:20Z] HEALTH certspotter=10/35 crtsh=0/3 urlscan=40/40 dns-google=146/146 dns-cf=146/146
[2026-09-01T15:50:20Z] HEALTH-NOTE crtsh degraded (0/3) — CT token/new-apex discovery skipped this run
[2026-09-01T15:50:20Z] no new indicators
[2026-09-01T20:21:07Z] HEALTH certspotter=10/35 crtsh=0/3 urlscan=40/40 dns-google=146/146 dns-cf=146/146
[2026-09-01T20:21:07Z] HEALTH-NOTE crtsh degraded (0/3) — CT token/new-apex discovery skipped this run
[2026-09-01T20:21:07Z] no new indicators
[2026-09-02T02:13:33Z] HEALTH certspotter=10/35 crtsh=0/3 urlscan=40/40 dns-google=146/146 dns-cf=146/146
[2026-09-02T02:13:33Z] HEALTH-NOTE crtsh degraded (0/3) — CT token/new-apex discovery skipped this run
[2026-09-02T02:13:33Z] no new indicators
[2026-09-02T10:18:05Z] HEALTH certspotter=10/35 crtsh=1/4 urlscan=40/40 dns-google=146/146 dns-cf=146/146
[2026-09-02T10:18:05Z] no new indicators
[2026-09-02T15:43:31Z] HEALTH certspotter=11/35 crtsh=50/52 urlscan=40/40 dns-google=156/156 dns-cf=156/156
[2026-09-02T15:43:31Z] no new indicators
[2026-09-02T20:20:41Z] HEALTH certspotter=10/35 crtsh=14/20 urlscan=40/40 dns-google=150/150 dns-cf=150/150
[2026-09-02T20:20:41Z] no new indicators
[2026-09-03T02:20:58Z] HEALTH certspotter=11/35 crtsh=52/52 urlscan=38/40 dns-google=156/156 dns-cf=156/156
[2026-09-03T02:20:58Z] no new indicators
[2026-09-03T10:28:10Z] HEALTH certspotter=11/35 crtsh=0/3 urlscan=40/40 dns-google=146/146 dns-cf=146/146
[2026-09-03T10:28:10Z] HEALTH-NOTE crtsh degraded (0/3) — CT token/new-apex discovery skipped this run
[2026-09-03T10:28:10Z] no new indicators
[2026-09-03T15:33:28Z] HEALTH certspotter=10/35 crtsh=52/52 urlscan=40/40 dns-google=156/156 dns-cf=156/156
[2026-09-03T15:33:28Z] no new indicators
[2026-09-03T20:20:39Z] NEW ip  104.21.92.141  [dns (www.zhkjcx.org) / Cloudflare-edge]
[2026-09-03T20:20:39Z] NEW ip  172.67.194.140  [dns (www.zhkjcx.org) / Cloudflare-edge]
[2026-09-03T20:20:39Z] NEW ip  2606:4700:3030::6815:5c8d  [dns (www.zhkjcx.org) / Cloudflare-edge]
[2026-09-03T20:20:39Z] NEW ip  2606:4700:3031::ac43:c28c  [dns (www.zhkjcx.org) / Cloudflare-edge]
[2026-09-03T20:20:39Z] HEALTH certspotter=10/35 crtsh=52/52 urlscan=40/40 dns-google=156/156 dns-cf=156/156
[2026-09-03T20:20:39Z] SCAN-SAVED www.zhkjcx.org -> https://urlscan.io/result/01a068f9-4f0e-7723-9418-fd0e510966c0/
[2026-09-03T20:20:39Z] SCAN-SAVED zhkjcx.org -> https://urlscan.io/result/01a068f9-58dc-76db-8075-1efe84911d0e/
[2026-09-03T20:20:39Z] 4 new indicator(s) this run
[2026-09-04T02:15:57Z] HEALTH certspotter=10/35 crtsh=50/52 urlscan=40/40 dns-google=156/156 dns-cf=156/156
[2026-09-04T02:15:57Z] no new indicators
[2026-09-04T10:16:04Z] HEALTH certspotter=10/35 crtsh=52/52 urlscan=40/40 dns-google=156/156 dns-cf=156/156
[2026-09-04T10:16:04Z] no new indicators
[2026-09-04T15:31:38Z] HEALTH certspotter=10/35 crtsh=2/5 urlscan=40/40 dns-google=146/146 dns-cf=146/146
[2026-09-04T15:31:38Z] no new indicators
[2026-09-04T20:06:08Z] HEALTH certspotter=10/35 crtsh=1/5 urlscan=40/40 dns-google=146/146 dns-cf=146/146
[2026-09-04T20:06:08Z] no new indicators
[2026-09-05T02:16:38Z] HEALTH certspotter=10/35 crtsh=52/52 urlscan=40/40 dns-google=156/156 dns-cf=156/156
[2026-09-05T02:16:38Z] no new indicators
[2026-09-05T09:44:24Z] HEALTH certspotter=11/35 crtsh=0/3 urlscan=40/40 dns-google=146/146 dns-cf=146/146
[2026-09-05T09:44:24Z] HEALTH-NOTE crtsh degraded (0/3) — CT token/new-apex discovery skipped this run
[2026-09-05T09:44:24Z] no new indicators
[2026-09-05T14:19:20Z] HEALTH certspotter=10/35 crtsh=52/52 urlscan=40/40 dns-google=156/156 dns-cf=156/156
[2026-09-05T14:19:20Z] no new indicators
[2026-09-05T19:45:48Z] HEALTH certspotter=11/35 crtsh=28/35 urlscan=40/40 dns-google=154/154 dns-cf=154/154
[2026-09-05T19:45:48Z] no new indicators
[2026-09-06T02:12:16Z] HEALTH certspotter=11/35 crtsh=0/3 urlscan=40/40 dns-google=146/146 dns-cf=146/146
[2026-09-06T02:12:16Z] HEALTH-NOTE crtsh degraded (0/3) — CT token/new-apex discovery skipped this run
[2026-09-06T02:12:16Z] no new indicators
[2026-09-06T09:59:50Z] HEALTH certspotter=10/35 crtsh=2/6 urlscan=40/40 dns-google=146/146 dns-cf=146/146
[2026-09-06T09:59:50Z] no new indicators
[2026-09-06T14:42:29Z] HEALTH certspotter=10/35 crtsh=0/3 urlscan=40/40 dns-google=146/146 dns-cf=146/146
[2026-09-06T14:42:29Z] HEALTH-NOTE crtsh degraded (0/3) — CT token/new-apex discovery skipped this run
[2026-09-06T14:42:29Z] no new indicators
[2026-09-06T19:49:43Z] HEALTH certspotter=11/35 crtsh=39/52 urlscan=40/40 dns-google=156/156 dns-cf=156/156
[2026-09-06T19:49:43Z] no new indicators
[2026-09-07T02:09:29Z] NEW ip  104.21.43.38  [dns (m.wfmcsy.com) / Cloudflare-edge]
[2026-09-07T02:09:29Z] NEW ip  172.67.218.222  [dns (m.wfmcsy.com) / Cloudflare-edge]
[2026-09-07T02:09:29Z] NEW ip  2606:4700:3032::6815:2b26  [dns (m.wfmcsy.com) / Cloudflare-edge]
[2026-09-07T02:09:29Z] NEW ip  2606:4700:3034::ac43:dade  [dns (m.wfmcsy.com) / Cloudflare-edge]
[2026-09-07T02:09:29Z] HEALTH certspotter=10/35 crtsh=5/11 urlscan=40/40 dns-google=148/148 dns-cf=148/148
[2026-09-07T02:09:29Z] SCAN-SAVED m.wfmcsy.com -> https://urlscan.io/result/01a079a9-2b0f-700b-af0b-3aa70a4a8d4a/
[2026-09-07T02:09:29Z] SCAN-SAVED wfmcsy.com -> https://urlscan.io/result/01a079a9-363b-77ec-aa2a-5aa475b4d56d/
[2026-09-07T02:09:29Z] SCAN-SAVED www.wfmcsy.com -> https://urlscan.io/result/01a079a9-40a0-724d-95ff-c7cd54da5963/
[2026-09-07T02:09:29Z] 4 new indicator(s) this run
[2026-09-07T11:11:24Z] NEW domain  www.wfmcsy.com  [urlscan @104.21.43.38 / AS13335]
[2026-09-07T11:11:24Z] HEALTH certspotter=10/35 crtsh=4/7 urlscan=40/40 dns-google=150/150 dns-cf=150/150
[2026-09-07T11:11:24Z] 1 new indicator(s) this run
[2026-09-07T16:57:42Z] NEW domain  amoreliie.com  [urlscan]
[2026-09-07T16:57:42Z] NEW domain  www.amoreliie.com  [urlscan @193.148.56.18 / AS209946]
[2026-09-07T16:57:42Z] HEALTH certspotter=11/35 crtsh=50/52 urlscan=40/40 dns-google=160/160 dns-cf=160/160
[2026-09-07T16:57:42Z] SCAN-SAVED amoreliie.com -> https://urlscan.io/result/01a07cdb-3a6c-7541-9c25-6deccad02fe3/
[2026-09-07T16:57:42Z] SCAN-SAVED www.amoreliie.com -> https://urlscan.io/result/01a07cdb-464f-703b-8fa8-5a849e75b49c/
[2026-09-07T16:57:42Z] 2 new indicator(s) this run
[2026-09-07T20:57:09Z] HEALTH certspotter=10/35 crtsh=12/15 urlscan=40/40 dns-google=154/154 dns-cf=154/154
[2026-09-07T20:57:09Z] no new indicators
[2026-09-08T02:21:36Z] HEALTH certspotter=10/35 crtsh=2/5 urlscan=40/40 dns-google=152/152 dns-cf=152/152
[2026-09-08T02:21:36Z] no new indicators
[2026-09-08T10:21:41Z] HEALTH certspotter=10/35 crtsh=6/10 urlscan=40/40 dns-google=152/152 dns-cf=152/152
[2026-09-08T10:21:41Z] no new indicators
[2026-09-08T15:45:11Z] HEALTH certspotter=10/35 crtsh=0/3 urlscan=40/40 dns-google=152/152 dns-cf=152/152
[2026-09-08T15:45:11Z] HEALTH-NOTE crtsh degraded (0/3) — CT token/new-apex discovery skipped this run
[2026-09-08T15:45:11Z] no new indicators
[2026-09-08T20:32:54Z] HEALTH certspotter=11/35 crtsh=46/52 urlscan=40/40 dns-google=160/160 dns-cf=160/160
[2026-09-08T20:32:54Z] no new indicators
[2026-09-09T02:24:12Z] HEALTH certspotter=10/35 crtsh=0/3 urlscan=40/40 dns-google=152/152 dns-cf=152/152
[2026-09-09T02:24:12Z] HEALTH-NOTE crtsh degraded (0/3) — CT token/new-apex discovery skipped this run
[2026-09-09T02:24:12Z] no new indicators
[2026-09-09T10:30:34Z] HEALTH certspotter=10/35 crtsh=4/7 urlscan=40/40 dns-google=152/152 dns-cf=152/152
[2026-09-09T10:30:34Z] no new indicators
[2026-09-09T15:40:22Z] HEALTH certspotter=10/35 crtsh=11/18 urlscan=40/40 dns-google=154/154 dns-cf=154/154
[2026-09-09T15:40:22Z] no new indicators
[2026-09-09T20:14:44Z] HEALTH certspotter=10/35 crtsh=2/5 urlscan=40/40 dns-google=152/152 dns-cf=152/152
[2026-09-09T20:14:44Z] no new indicators
[2026-09-10T02:23:56Z] NEW ip  104.41.191.220  [dns (pay-flow.cfd) / NON-CF ORIGIN — high value]
[2026-09-10T02:23:56Z] NEW ip  72.143.72.16  [dns (paycore-send.shop) / NON-CF ORIGIN — high value]
[2026-09-10T02:23:56Z] HEALTH certspotter=11/35 crtsh=46/52 urlscan=40/40 dns-google=160/160 dns-cf=160/160
[2026-09-10T02:23:56Z] SCAN-SAVED pay-flow.cfd -> https://urlscan.io/result/01a08930-6398-745c-b2e2-28c3dc0586fc/
[2026-09-10T02:23:56Z] SCAN-SAVED paycore-send.shop -> https://urlscan.io/result/01a08930-6ff0-712f-bb22-74b669f20ae0/
[2026-09-10T02:23:56Z] 2 new indicator(s) this run
[2026-09-10T10:20:14Z] NEW domain  pay-flow.cfd  [urlscan]
[2026-09-10T10:20:14Z] HEALTH certspotter=11/35 crtsh=40/52 urlscan=42/42 dns-google=160/160 dns-cf=160/160
[2026-09-10T10:20:14Z] 1 new indicator(s) this run
[2026-09-10T15:35:47Z] HEALTH certspotter=11/35 crtsh=39/52 urlscan=42/42 dns-google=156/156 dns-cf=156/156
[2026-09-10T15:35:47Z] no new indicators
[2026-09-10T20:16:24Z] HEALTH certspotter=11/35 crtsh=33/37 urlscan=42/42 dns-google=158/158 dns-cf=158/158
[2026-09-10T20:16:24Z] no new indicators
[2026-09-11T02:18:52Z] HEALTH certspotter=10/35 crtsh=4/8 urlscan=42/42 dns-google=152/152 dns-cf=152/152
[2026-09-11T02:18:52Z] no new indicators
[2026-09-11T10:20:13Z] HEALTH certspotter=10/35 crtsh=2/5 urlscan=42/42 dns-google=152/152 dns-cf=152/152
[2026-09-11T10:20:13Z] no new indicators
[2026-09-11T15:37:30Z] HEALTH certspotter=10/35 crtsh=2/5 urlscan=42/42 dns-google=152/152 dns-cf=152/152
[2026-09-11T15:37:30Z] no new indicators
[2026-09-11T20:16:09Z] HEALTH certspotter=11/35 crtsh=48/52 urlscan=42/42 dns-google=160/160 dns-cf=160/160
[2026-09-11T20:16:09Z] no new indicators
[2026-09-12T02:26:13Z] HEALTH certspotter=10/35 crtsh=7/13 urlscan=41/42 dns-google=152/152 dns-cf=152/152
[2026-09-12T02:26:13Z] no new indicators
[2026-09-12T09:52:13Z] HEALTH certspotter=11/35 crtsh=50/52 urlscan=42/42 dns-google=160/160 dns-cf=160/160
[2026-09-12T09:52:13Z] no new indicators
[2026-09-12T14:43:45Z] HEALTH certspotter=10/35 crtsh=2/5 urlscan=42/42 dns-google=152/152 dns-cf=152/152
[2026-09-12T14:43:45Z] no new indicators
[2026-09-12T19:56:43Z] HEALTH certspotter=10/35 crtsh=7/12 urlscan=42/42 dns-google=152/152 dns-cf=152/152
[2026-09-12T19:56:43Z] no new indicators
[2026-09-13T02:24:23Z] HEALTH certspotter=11/35 crtsh=50/52 urlscan=42/42 dns-google=160/160 dns-cf=160/160
[2026-09-13T02:24:23Z] no new indicators
[2026-09-13T10:51:56Z] HEALTH certspotter=10/35 crtsh=1/4 urlscan=42/42 dns-google=154/154 dns-cf=154/154
[2026-09-13T10:51:56Z] no new indicators
[2026-09-13T15:23:30Z] HEALTH certspotter=11/35 crtsh=50/52 urlscan=42/42 dns-google=160/160 dns-cf=160/160
[2026-09-13T15:23:30Z] no new indicators
[2026-09-13T20:03:17Z] HEALTH certspotter=10/35 crtsh=0/3 urlscan=42/42 dns-google=152/152 dns-cf=152/152
[2026-09-13T20:03:17Z] HEALTH-NOTE crtsh degraded (0/3) — CT token/new-apex discovery skipped this run
[2026-09-13T20:03:17Z] no new indicators
[2026-09-14T02:41:14Z] HEALTH certspotter=10/35 crtsh=3/6 urlscan=42/42 dns-google=152/152 dns-cf=152/152
[2026-09-14T02:41:14Z] no new indicators
[2026-09-14T11:22:19Z] HEALTH certspotter=10/35 crtsh=2/5 urlscan=42/42 dns-google=152/152 dns-cf=152/152
[2026-09-14T11:22:19Z] no new indicators
[2026-09-14T17:20:00Z] HEALTH certspotter=11/35 crtsh=36/44 urlscan=42/42 dns-google=158/158 dns-cf=158/158
[2026-09-14T17:20:00Z] no new indicators
[2026-09-14T21:13:52Z] HEALTH certspotter=10/35 crtsh=52/52 urlscan=42/42 dns-google=160/160 dns-cf=160/160
[2026-09-14T21:13:52Z] no new indicators
[2026-09-15T02:44:45Z] HEALTH certspotter=11/35 crtsh=52/52 urlscan=42/42 dns-google=160/160 dns-cf=160/160
[2026-09-15T02:44:45Z] no new indicators
[2026-09-15T10:45:59Z] HEALTH certspotter=11/35 crtsh=49/52 urlscan=42/42 dns-google=160/160 dns-cf=160/160
[2026-09-15T10:45:59Z] no new indicators
[2026-09-15T15:59:12Z] HEALTH certspotter=11/35 crtsh=49/52 urlscan=42/42 dns-google=158/158 dns-cf=158/158
[2026-09-15T15:59:12Z] no new indicators
[2026-09-15T20:42:09Z] HEALTH certspotter=10/35 crtsh=52/52 urlscan=42/42 dns-google=160/160 dns-cf=160/160
[2026-09-15T20:42:09Z] no new indicators
[2026-09-16T02:39:27Z] HEALTH certspotter=11/35 crtsh=52/52 urlscan=42/42 dns-google=160/160 dns-cf=160/160
[2026-09-16T02:39:27Z] no new indicators
[2026-09-16T10:34:20Z] HEALTH certspotter=11/35 crtsh=50/52 urlscan=42/42 dns-google=160/160 dns-cf=160/160
[2026-09-16T10:34:20Z] no new indicators
[2026-09-16T15:51:46Z] HEALTH certspotter=11/35 crtsh=47/52 urlscan=42/42 dns-google=160/160 dns-cf=160/160
[2026-09-16T15:51:46Z] no new indicators
[2026-09-16T20:42:53Z] HEALTH certspotter=11/35 crtsh=49/52 urlscan=42/42 dns-google=160/160 dns-cf=160/160
[2026-09-16T20:42:53Z] no new indicators
[2026-09-17T02:43:41Z] HEALTH certspotter=10/35 crtsh=1/4 urlscan=42/42 dns-google=154/154 dns-cf=154/154
[2026-09-17T02:43:41Z] no new indicators
[2026-09-17T10:43:47Z] HEALTH certspotter=10/35 crtsh=52/52 urlscan=42/42 dns-google=160/160 dns-cf=160/160
[2026-09-17T10:43:47Z] no new indicators
[2026-09-17T15:57:51Z] HEALTH certspotter=11/35 crtsh=50/52 urlscan=42/42 dns-google=160/160 dns-cf=160/160
[2026-09-17T15:57:51Z] no new indicators
[2026-09-17T20:47:56Z] HEALTH certspotter=11/35 crtsh=52/52 urlscan=42/42 dns-google=160/160 dns-cf=160/160
[2026-09-17T20:47:56Z] no new indicators
[2026-09-18T02:30:43Z] HEALTH certspotter=11/35 crtsh=51/52 urlscan=42/42 dns-google=166/166 dns-cf=166/166
[2026-09-18T02:30:43Z] 11 new indicator(s) this run
[2026-09-18T10:19:22Z] HEALTH certspotter=11/36 crtsh=51/53 urlscan=43/43 dns-google=370/370 dns-cf=370/370
[2026-09-18T10:19:22Z] SCAN-BACKLOG 79 live host(s) queued for next run (cap 20/run)
[2026-09-18T10:19:22Z] 192 new indicator(s) this run
[2026-09-18T15:32:51Z] HEALTH certspotter=11/36 crtsh=53/53 urlscan=50/50 dns-google=418/418 dns-cf=418/418
[2026-09-18T15:32:51Z] SCAN-BACKLOG 77 live host(s) queued for next run (cap 20/run)
[2026-09-18T15:32:51Z] 55 new indicator(s) this run
[2026-09-18T20:12:57Z] HEALTH certspotter=11/36 crtsh=48/53 urlscan=52/56 dns-google=462/462 dns-cf=462/462
[2026-09-18T20:12:57Z] SCAN-BACKLOG 82 live host(s) queued for next run (cap 20/run)
[2026-09-18T20:12:57Z] 30 new indicator(s) this run
[2026-09-19T02:29:44Z] HEALTH certspotter=11/36 crtsh=53/53 urlscan=60/60 dns-google=490/490 dns-cf=490/490
[2026-09-19T02:29:44Z] SCAN-BACKLOG 74 live host(s) queued for next run (cap 20/run)
[2026-09-19T02:29:44Z] 25 new indicator(s) this run
[2026-09-19T10:02:48Z] HEALTH certspotter=11/36 crtsh=48/53 urlscan=63/63 dns-google=488/488 dns-cf=488/488
[2026-09-19T10:02:48Z] SCAN-BACKLOG 55 live host(s) queued for next run (cap 20/run)
[2026-09-19T10:02:48Z] 7 new indicator(s) this run
[2026-09-19T15:06:38Z] HEALTH certspotter=11/36 crtsh=53/53 urlscan=65/65 dns-google=514/514 dns-cf=514/514
[2026-09-19T15:06:38Z] SCAN-BACKLOG 45 live host(s) queued for next run (cap 20/run)
[2026-09-19T15:06:38Z] 18 new indicator(s) this run
[2026-09-19T19:50:03Z] HEALTH certspotter=11/36 crtsh=49/53 urlscan=70/70 dns-google=538/538 dns-cf=538/538
[2026-09-19T19:50:03Z] SCAN-BACKLOG 37 live host(s) queued for next run (cap 20/run)
[2026-09-19T19:50:03Z] 16 new indicator(s) this run
[2026-09-20T02:40:47Z] HEALTH certspotter=10/36 crtsh=11/16 urlscan=73/73 dns-google=542/542 dns-cf=542/542
[2026-09-20T02:40:47Z] SCAN-BACKLOG 26 live host(s) queued for next run (cap 20/run)
[2026-09-20T02:40:47Z] 13 new indicator(s) this run
[2026-09-20T10:21:59Z] HEALTH certspotter=11/36 crtsh=47/53 urlscan=74/74 dns-google=554/554 dns-cf=554/554
[2026-09-20T10:21:59Z] SCAN-BACKLOG 6 live host(s) queued for next run (cap 20/run)
[2026-09-20T10:21:59Z] 2 new indicator(s) this run
[2026-09-20T15:11:30Z] HEALTH certspotter=11/36 crtsh=53/53 urlscan=74/74 dns-google=594/594 dns-cf=594/594
[2026-09-20T15:11:30Z] SCAN-BACKLOG 5 live host(s) queued for next run (cap 20/run)
[2026-09-20T15:11:30Z] 21 new indicator(s) this run
[2026-09-20T20:03:54Z] HEALTH certspotter=10/36 crtsh=0/3 urlscan=75/75 dns-google=590/590 dns-cf=590/590
[2026-09-20T20:03:54Z] HEALTH-NOTE crtsh degraded (0/3) — CT token/new-apex discovery skipped this run
[2026-09-20T20:03:54Z] 7 new indicator(s) this run
[2026-09-21T02:38:05Z] HEALTH certspotter=10/36 crtsh=0/3 urlscan=76/76 dns-google=592/592 dns-cf=592/592
[2026-09-21T02:38:05Z] HEALTH-NOTE crtsh degraded (0/3) — CT token/new-apex discovery skipped this run
[2026-09-21T02:38:05Z] 4 new indicator(s) this run
[2026-09-21T11:35:59Z] HEALTH certspotter=10/36 crtsh=6/11 urlscan=77/77 dns-google=600/600 dns-cf=600/600
[2026-09-21T11:35:59Z] 6 new indicator(s) this run
[2026-09-21T17:33:23Z] HEALTH certspotter=10/36 crtsh=0/3 urlscan=78/78 dns-google=622/622 dns-cf=622/622
[2026-09-21T17:33:23Z] HEALTH-NOTE crtsh degraded (0/3) — CT token/new-apex discovery skipped this run
[2026-09-21T17:33:23Z] 19 new indicator(s) this run
[2026-09-21T21:29:46Z] HEALTH certspotter=11/36 crtsh=51/53 urlscan=78/78 dns-google=644/644 dns-cf=644/644
[2026-09-21T21:29:46Z] 9 new indicator(s) this run
[2026-09-22T02:39:50Z] HEALTH certspotter=11/36 crtsh=10/19 urlscan=78/78 dns-google=636/636 dns-cf=636/636
[2026-09-22T02:39:50Z] 3 new indicator(s) this run
[2026-09-22T10:41:19Z] HEALTH certspotter=10/36 crtsh=0/3 urlscan=79/79 dns-google=660/660 dns-cf=660/660
[2026-09-22T10:41:19Z] HEALTH-NOTE crtsh degraded (0/3) — CT token/new-apex discovery skipped this run
[2026-09-22T10:41:19Z] 18 new indicator(s) this run
[2026-09-22T16:01:45Z] HEALTH certspotter=11/36 crtsh=53/53 urlscan=79/79 dns-google=686/686 dns-cf=686/686
[2026-09-22T16:01:45Z] 11 new indicator(s) this run
[2026-09-22T20:42:16Z] HEALTH certspotter=10/36 crtsh=2/5 urlscan=79/79 dns-google=686/686 dns-cf=686/686
[2026-09-22T20:42:16Z] 8 new indicator(s) this run
[2026-09-23T02:39:56Z] HEALTH certspotter=11/36 crtsh=52/53 urlscan=80/80 dns-google=724/724 dns-cf=724/724
[2026-09-23T02:39:56Z] 18 new indicator(s) this run
[2026-09-23T10:32:47Z] HEALTH certspotter=10/36 crtsh=3/6 urlscan=80/80 dns-google=712/712 dns-cf=712/712
[2026-09-23T10:32:47Z] 2 new indicator(s) this run
[2026-09-23T15:51:56Z] HEALTH certspotter=10/36 crtsh=46/49 urlscan=80/80 dns-google=738/738 dns-cf=738/738
[2026-09-23T15:51:56Z] 11 new indicator(s) this run
[2026-09-23T20:54:51Z] HEALTH certspotter=10/36 crtsh=0/3 urlscan=80/80 dns-google=740/740 dns-cf=740/740
[2026-09-23T20:54:51Z] HEALTH-NOTE crtsh degraded (0/3) — CT token/new-apex discovery skipped this run
[2026-09-23T20:54:51Z] 13 new indicator(s) this run
[2026-09-24T02:29:40Z] HEALTH certspotter=11/36 crtsh=50/53 urlscan=80/80 dns-google=766/766 dns-cf=766/766
[2026-09-24T02:29:40Z] 6 new indicator(s) this run
[2026-09-24T10:50:53Z] HEALTH certspotter=11/36 crtsh=53/53 urlscan=80/80 dns-google=766/766 dns-cf=766/766
[2026-09-24T10:50:53Z] 1 new indicator(s) this run
[2026-09-24T16:14:05Z] HEALTH certspotter=10/36 crtsh=0/3 urlscan=80/80 dns-google=752/752 dns-cf=752/752
[2026-09-24T16:14:05Z] HEALTH-NOTE crtsh degraded (0/3) — CT token/new-apex discovery skipped this run
[2026-09-24T16:14:05Z] 2 new indicator(s) this run
[2026-09-24T20:59:08Z] HEALTH certspotter=10/36 crtsh=1/4 urlscan=80/80 dns-google=752/752 dns-cf=752/752
[2026-09-24T20:59:08Z] no new indicators
[2026-09-25T02:46:43Z] HEALTH certspotter=10/36 crtsh=0/3 urlscan=80/80 dns-google=752/752 dns-cf=752/752
[2026-09-25T02:46:43Z] HEALTH-NOTE crtsh degraded (0/3) — CT token/new-apex discovery skipped this run
[2026-09-25T02:46:43Z] 2 new indicator(s) this run
[2026-09-25T10:54:21Z] HEALTH certspotter=10/36 crtsh=0/3 urlscan=81/81 dns-google=764/764 dns-cf=764/764
[2026-09-25T10:54:21Z] HEALTH-NOTE crtsh degraded (0/3) — CT token/new-apex discovery skipped this run
[2026-09-25T10:54:21Z] 6 new indicator(s) this run
[2026-09-25T16:14:22Z] HEALTH certspotter=10/36 crtsh=0/3 urlscan=81/81 dns-google=764/764 dns-cf=764/764
[2026-09-25T16:14:22Z] HEALTH-NOTE crtsh degraded (0/3) — CT token/new-apex discovery skipped this run
[2026-09-25T16:14:22Z] 1 new indicator(s) this run
[2026-09-25T16:34:01Z] HEALTH certspotter=36/36 crtsh=0/3 urlscan=54/54 dns-google=0/0 dns-cf=0/0
[2026-09-25T16:34:01Z] HEALTH-NOTE crtsh degraded (0/3) — CT token/new-apex discovery skipped this run
[2026-09-25T16:34:01Z] no new tier-1 Operator-A indicators
[2026-09-25T16:41:10Z] HEALTH certspotter=35/36 crtsh=0/3 urlscan=54/54 dns-google=148/148 dns-cf=0/148
[2026-09-25T16:41:10Z] HEALTH-NOTE crtsh degraded (0/3) — CT token/new-apex discovery skipped this run
[2026-09-25T16:41:10Z] no new tier-1 Operator-A indicators
[2026-09-25T20:56:15Z] HEALTH certspotter=11/36 crtsh=48/53 urlscan=81/81 dns-google=778/778 dns-cf=778/778
[2026-09-25T20:56:15Z] 4 new indicator(s) this run
[2026-09-25T22:06:35Z] NEW ip  2600:1f18:4ae:c607:5974:bfa8:d54b:7fe5  [dns (szrcgj.com) / NON-CF ORIGIN — human review only, not auto-watched] tier=1 op=A
[2026-09-25T22:06:35Z] NEW ip  2600:1f18:4ae:c608:1ae1:9fc3:6ee2:84dd  [dns (szrcgj.com) / NON-CF ORIGIN — human review only, not auto-watched] tier=1 op=A
[2026-09-25T22:06:35Z] NEW ip  44.208.83.180  [dns (szrcgj.com) / NON-CF ORIGIN — human review only, not auto-watched] tier=1 op=A
[2026-09-25T22:06:35Z] NEW ip  54.84.240.235  [dns (szrcgj.com) / NON-CF ORIGIN — human review only, not auto-watched] tier=1 op=A
[2026-09-25T22:06:35Z] HEALTH certspotter=36/36 crtsh=36/47 urlscan=53/54 dns-google=152/152 dns-cf=0/152
[2026-09-25T22:06:35Z] 4 new tier-1 Operator-A indicator(s) this run
[2026-09-26T02:49:30Z] HEALTH certspotter=11/36 crtsh=52/53 urlscan=81/81 dns-google=778/778 dns-cf=778/778
[2026-09-26T02:49:30Z] 1 new indicator(s) this run
[2026-09-26T10:34:32Z] HEALTH certspotter=11/36 crtsh=52/53 urlscan=81/81 dns-google=778/778 dns-cf=778/778
[2026-09-26T10:34:32Z] no new indicators
[2026-09-26T15:27:57Z] HEALTH certspotter=11/36 crtsh=52/53 urlscan=81/81 dns-google=776/776 dns-cf=776/776
[2026-09-26T15:27:57Z] no new indicators
[2026-09-26T20:27:01Z] HEALTH certspotter=11/36 crtsh=50/53 urlscan=81/81 dns-google=784/784 dns-cf=784/784
[2026-09-26T20:27:01Z] 3 new indicator(s) this run
[2026-09-27T02:51:05Z] HEALTH certspotter=11/36 crtsh=52/53 urlscan=81/81 dns-google=792/792 dns-cf=792/792
[2026-09-27T02:51:05Z] 5 new indicator(s) this run
[2026-09-27T11:07:08Z] HEALTH certspotter=11/36 crtsh=53/53 urlscan=81/81 dns-google=792/792 dns-cf=792/792
[2026-09-27T11:07:08Z] no new indicators
[2026-09-27T16:07:25Z] HEALTH certspotter=11/36 crtsh=0/3 urlscan=81/81 dns-google=778/778 dns-cf=778/778
[2026-09-27T16:07:25Z] HEALTH-NOTE crtsh degraded (0/3) — CT token/new-apex discovery skipped this run
[2026-09-27T16:07:25Z] no new indicators
[2026-09-27T20:39:29Z] HEALTH certspotter=10/36 crtsh=53/53 urlscan=81/81 dns-google=792/792 dns-cf=792/792
[2026-09-27T20:39:29Z] 1 new indicator(s) this run
[2026-09-28T02:51:24Z] HEALTH certspotter=11/36 crtsh=50/53 urlscan=81/81 dns-google=792/792 dns-cf=792/792
[2026-09-28T02:51:24Z] no new indicators
[2026-09-28T12:30:32Z] HEALTH certspotter=11/36 crtsh=53/53 urlscan=81/81 dns-google=792/792 dns-cf=792/792
[2026-09-28T12:30:32Z] no new indicators
[2026-09-28T21:48:33Z] MERGE main's old-tracker runs 2026-09-25..28 folded in: 23 noise findings + their log lines dropped (none tier-1); auto_origins.txt stays removed; 78.41.207.0/24 typosquat-parking pool denylisted
[2026-09-28T22:48:54Z] HEALTH certspotter=11/36 crtsh=56/56 urlscan=54/54 dns-google=154/154 dns-cf=154/154
[2026-09-28T22:48:54Z] no new tier-1 Operator-A indicators
[2026-09-29T03:32:20Z] HEALTH certspotter=11/36 crtsh=49/56 urlscan=54/54 dns-google=154/154 dns-cf=154/154
[2026-09-29T03:32:20Z] no new tier-1 Operator-A indicators
[2026-09-29T11:53:18Z] NEW domain  blocket-system.cam  [urlscan @104.21.91.241 (urlscan-kit(us=)) / AS13335] tier=1 op=A
[2026-09-29T11:53:18Z] candidate ip  104.21.91.241  [dns (blocket-system.cam)] tier=2 op=A
[2026-09-29T11:53:18Z] candidate ip  172.67.182.40  [dns (blocket-system.cam)] tier=2 op=A
[2026-09-29T11:53:18Z] candidate ip  2606:4700:3031::6815:5bf1  [dns (blocket-system.cam)] tier=2 op=A
[2026-09-29T11:53:18Z] candidate ip  2606:4700:3037::ac43:b628  [dns (blocket-system.cam)] tier=2 op=A
[2026-09-29T11:53:18Z] HEALTH certspotter=10/36 crtsh=1/4 urlscan=54/54 dns-google=156/156 dns-cf=156/156
[2026-09-29T11:53:18Z] AUTO-PROMOTE apex blocket-system.cam (kit-fingerprint, op=A) -> now CT/DNS/scan-watched
[2026-09-29T11:53:18Z] SCAN-SAVED blocket-system.cam -> https://urlscan.io/result/01a0ed07-34a4-72ae-861e-ff7082bc9b19/
[2026-09-29T11:53:18Z] 1 new tier-1 Operator-A indicator(s) this run
[2026-09-29T17:22:58Z] HEALTH certspotter=10/37 crtsh=12/17 urlscan=55/55 dns-google=156/156 dns-cf=156/156
[2026-09-29T17:22:58Z] no new tier-1 Operator-A indicators
[2026-09-29T21:42:38Z] NEW cert  blocket-system.cam  [ct-log (apex subdomain)] tier=1 op=A
[2026-09-29T21:42:38Z] HEALTH certspotter=11/37 crtsh=51/57 urlscan=55/55 dns-google=156/156 dns-cf=156/156
[2026-09-29T21:42:38Z] 1 new tier-1 Operator-A indicator(s) this run
[2026-09-30T03:17:28Z] HEALTH certspotter=10/37 crtsh=0/3 urlscan=55/55 dns-google=156/156 dns-cf=156/156
[2026-09-30T03:17:28Z] HEALTH-NOTE crtsh degraded (0/3) — CT token/new-apex discovery skipped this run
[2026-09-30T03:17:28Z] no new tier-1 Operator-A indicators
[2026-09-30T11:40:33Z] HEALTH certspotter=10/37 crtsh=0/3 urlscan=55/55 dns-google=156/156 dns-cf=156/156
[2026-09-30T11:40:33Z] HEALTH-NOTE crtsh degraded (0/3) — CT token/new-apex discovery skipped this run
[2026-09-30T11:40:33Z] no new tier-1 Operator-A indicators
[2026-09-30T17:20:46Z] HEALTH certspotter=11/37 crtsh=47/52 urlscan=55/55 dns-google=30/30 dns-cf=30/30
[2026-09-30T17:20:46Z] no new tier-1 Operator-A indicators
[2026-09-30T21:43:08Z] HEALTH certspotter=10/37 crtsh=0/3 urlscan=55/55 dns-google=26/26 dns-cf=26/26
[2026-09-30T21:43:08Z] HEALTH-NOTE crtsh degraded (0/3) — CT token/new-apex discovery skipped this run
[2026-09-30T21:43:08Z] no new tier-1 Operator-A indicators
[2026-10-01T03:24:10Z] HEALTH certspotter=10/36 crtsh=0/3 urlscan=54/54 dns-google=22/22 dns-cf=22/22
[2026-10-01T03:24:10Z] HEALTH-NOTE crtsh degraded (0/3) — CT token/new-apex discovery skipped this run
[2026-10-01T03:24:10Z] no new tier-1 Operator-A indicators
[2026-10-01T12:09:28Z] HEALTH certspotter=10/36 crtsh=0/3 urlscan=54/54 dns-google=22/22 dns-cf=22/22
[2026-10-01T12:09:28Z] HEALTH-NOTE crtsh degraded (0/3) — CT token/new-apex discovery skipped this run
[2026-10-01T12:09:28Z] no new tier-1 Operator-A indicators
[2026-10-01T22:11:18Z] HEALTH certspotter=10/36 crtsh=0/3 urlscan=54/54 dns-google=22/22 dns-cf=22/22
[2026-10-01T22:11:18Z] HEALTH-NOTE crtsh degraded (0/3) — CT token/new-apex discovery skipped this run
[2026-10-01T22:11:18Z] no new tier-1 Operator-A indicators
[2026-10-02T03:24:37Z] HEALTH certspotter=10/36 crtsh=1/4 urlscan=54/54 dns-google=22/22 dns-cf=22/22
[2026-10-02T03:24:37Z] no new tier-1 Operator-A indicators
[2026-10-02T11:39:43Z] HEALTH certspotter=10/36 crtsh=0/3 urlscan=54/54 dns-google=20/20 dns-cf=20/20
[2026-10-02T11:39:43Z] HEALTH-NOTE crtsh degraded (0/3) — CT token/new-apex discovery skipped this run
[2026-10-02T11:39:43Z] no new tier-1 Operator-A indicators
[2026-10-02T17:09:15Z] HEALTH certspotter=10/36 crtsh=0/3 urlscan=54/54 dns-google=20/20 dns-cf=20/20
[2026-10-02T17:09:15Z] HEALTH-NOTE crtsh degraded (0/3) — CT token/new-apex discovery skipped this run
[2026-10-02T17:09:15Z] no new tier-1 Operator-A indicators
[2026-10-02T21:38:59Z] HEALTH certspotter=10/36 crtsh=1/4 urlscan=54/54 dns-google=20/20 dns-cf=20/20
[2026-10-02T21:38:59Z] no new tier-1 Operator-A indicators
[2026-10-03T03:09:31Z] NEW cert  beseif.compra-verif.cfd  [ct-log (apex subdomain)] tier=1 op=A
[2026-10-03T03:09:31Z] NEW cert  compra-verif.cfd  [ct-log (apex subdomain)] tier=1 op=A
[2026-10-03T03:09:31Z] NEW cert  correos.compra-verif.cfd  [ct-log (apex subdomain)] tier=1 op=A
[2026-10-03T03:09:31Z] NEW cert  dpd-cz.live  [ct-log (apex subdomain)] tier=1 op=A
[2026-10-03T03:09:31Z] NEW cert  gumtree-payment.shop  [ct-log (apex subdomain)] tier=1 op=A
[2026-10-03T03:09:31Z] NEW cert  milanuncios.compra-verif.cfd  [ct-log (apex subdomain)] tier=1 op=A
[2026-10-03T03:09:31Z] NEW cert  paycore-trust-process.cfd  [ct-log (apex subdomain)] tier=1 op=A
[2026-10-03T03:09:31Z] NEW cert  wallapop.compra-verif.cfd  [ct-log (apex subdomain)] tier=1 op=A
[2026-10-03T03:09:31Z] NEW cert  web.compra-verif.cfd  [ct-log (apex subdomain)] tier=1 op=A
[2026-10-03T03:09:31Z] NEW domain  58stw.com  [urlscan @104.21.24.224 (hash:next2-chunk-01) / AS13335] tier=1 op=A
[2026-10-03T03:09:31Z] NEW domain  action-paycore-pl.shop  [urlscan @188.114.97.12 (hash:next2-chunk-01) / AS13335] tier=1 op=A
[2026-10-03T03:09:31Z] NEW domain  auth-lnfo.com  [urlscan @172.67.213.222 (hash:next2-chunk-03) / AS13335] tier=1 op=A
[2026-10-03T03:09:31Z] NEW domain  avhenting2409.cc  [urlscan @104.21.14.131 (hash:next2-chunk-01) / AS13335] tier=1 op=A
[2026-10-03T03:09:31Z] NEW domain  avhenting2709.cc  [urlscan @104.21.50.251 (hash:next2-chunk-01) / AS13335] tier=1 op=A
[2026-10-03T03:09:31Z] NEW domain  avhenting2909.cc  [urlscan @104.21.15.34 (hash:next2-chunk-01) / AS13335] tier=1 op=A
[2026-10-03T03:09:31Z] NEW domain  bekreftnorwq.com  [urlscan @104.21.45.99 (hash:next2-chunk-01) / AS13335] tier=1 op=A
[2026-10-03T03:09:31Z] NEW domain  blocket.ch-cn-ng28app.com  [urlscan @172.67.179.28 (apex-context:ch-cn-ng28app.com) / AS13335] tier=1 op=A
[2026-10-03T03:09:31Z] NEW domain  blocket.cn-en-c7app.com  [urlscan @104.21.49.12 (apex-context:cn-en-c7app.com) / AS13335] tier=1 op=A
[2026-10-03T03:09:31Z] NEW domain  blocket.frakt-orderhubid94699.eu.cc  [urlscan @104.21.14.210 (apex-context:frakt-orderhubid94699.eu.cc) / AS13335] tier=1 op=A
[2026-10-03T03:09:31Z] NEW domain  blocket.orders-info93657.com  [urlscan @104.21.10.99 (apex-context:orders-info93657.com) / AS13335] tier=1 op=A
[2026-10-03T03:09:31Z] NEW domain  c0mpra-verify.help  [urlscan @172.67.212.78 (hash:next2-chunk-01) / AS13335] tier=1 op=A
[2026-10-03T03:09:31Z] NEW domain  checkn-auth.com  [urlscan @172.67.209.11 (hash:next2-chunk-03) / AS13335] tier=1 op=A
[2026-10-03T03:09:31Z] NEW domain  compra-verif.cfd  [urlscan @188.114.96.3 (apex-context:compra-verif.cfd) / AS13335] tier=1 op=A
[2026-10-03T03:09:31Z] NEW domain  confirmation-order-gg.sbs  [urlscan @172.67.146.10 (hash:next2-chunk-02) / AS13335] tier=1 op=A
[2026-10-03T03:09:31Z] NEW domain  confirmation-order-payu.cfd  [urlscan @172.67.143.109 (hash:next2-chunk-02) / AS13335] tier=1 op=A
[2026-10-03T03:09:31Z] NEW domain  confirmation-order-payu.lol  [urlscan @2606:4700:3032::6815:e42 (hash:next2-chunk-02) / AS13335] tier=1 op=A
[2026-10-03T03:09:31Z] NEW domain  confirmation-order-payu.sbs  [urlscan @172.67.209.63 (hash:next2-chunk-03) / AS13335] tier=1 op=A
[2026-10-03T03:09:31Z] NEW domain  conor.gumtree-payment.shop  [urlscan @104.21.56.142 (apex-context:gumtree-payment.shop) / AS13335] tier=1 op=A
[2026-10-03T03:09:31Z] NEW domain  cylex-verifbankid.cfd  [urlscan @104.21.59.191 (apex-context:cylex-verifbankid.cfd) / AS13335] tier=1 op=A
[2026-10-03T03:09:31Z] NEW domain  depop.dfclgzw.com  [urlscan @172.67.136.77 (hash:next2-chunk-01) / AS13335] tier=1 op=A
[2026-10-03T03:09:31Z] NEW domain  depop.huian189.com  [urlscan @2a06:98c1:3120::3 (hash:next2-chunk-01) / AS13335] tier=1 op=A
[2026-10-03T03:09:31Z] NEW domain  depop.qdscdq.com  [urlscan @104.21.18.201 (hash:next2-chunk-01) / AS13335] tier=1 op=A
[2026-10-03T03:09:31Z] NEW domain  depop.verification-help.com  [urlscan @https://encaiss.top/a/24xaLyyKT9W1QF0S (apex-context:encaiss.top) / 01a0fa4d-85bf-7298-9630-3d93593b846c] tier=1 op=A
[2026-10-03T03:09:31Z] NEW domain  dpd-cz.live  [urlscan @172.67.203.46 (apex-context:dpd-cz.live) / AS13335] tier=1 op=A
[2026-10-03T03:09:31Z] NEW domain  dpd.paycore-pl-action.eu.cc  [urlscan @172.67.144.163 (hash:next2-chunk-01) / AS13335] tier=1 op=A
[2026-10-03T03:09:31Z] NEW domain  encaiss.top  [urlscan @172.67.134.223 (apex-context:encaiss.top) / AS13335] tier=1 op=A
[2026-10-03T03:09:31Z] NEW domain  finn.bekreftjs.com  [urlscan @172.67.130.236 (hash:next2-chunk-01) / AS13335] tier=1 op=A
[2026-10-03T03:09:31Z] NEW domain  finn.bekreftoo.com  [urlscan @104.21.54.127 (hash:next2-chunk-01) / AS13335] tier=1 op=A
[2026-10-03T03:09:31Z] NEW domain  gumtree.58stw.com  [urlscan @172.67.220.225 (hash:next2-chunk-01) / AS13335] tier=1 op=A
[2026-10-03T03:09:31Z] NEW domain  gumtree.order21.shop  [urlscan @172.67.179.51 (apex-context:order21.shop) / AS13335] tier=1 op=A
[2026-10-03T03:09:31Z] NEW domain  gumtree.order4851.com  [urlscan @104.21.75.190 (apex-context:order4851.com) / AS13335] tier=1 op=A
[2026-10-03T03:09:31Z] NEW domain  info-auth.com  [urlscan @188.114.96.3 (hash:next2-chunk-03) / AS13335] tier=1 op=A
[2026-10-03T03:09:31Z] NEW domain  inpost.confirmation-order-gg.cfd  [urlscan @104.21.49.245 (hash:next2-chunk-02) / AS13335] tier=1 op=A
[2026-10-03T03:09:31Z] NEW domain  inpost.confirmation-order-pl.sbs  [urlscan @188.114.96.3 (hash:next2-chunk-08) / AS13335] tier=1 op=A
[2026-10-03T03:09:31Z] NEW domain  inpost.paczzka4342362.cyou  [urlscan @188.114.96.3 (hash:next2-chunk-09) / AS13335] tier=1 op=A
[2026-10-03T03:09:31Z] NEW domain  inpost.paczzka434236212.shop  [urlscan @188.114.97.3 (hash:next2-chunk-01) / AS13335] tier=1 op=A
[2026-10-03T03:09:31Z] NEW domain  inpost.pay-service-customer.eu.cc  [urlscan @188.114.96.3 (hash:next2-chunk-01) / AS13335] tier=1 op=A
[2026-10-03T03:09:31Z] NEW domain  inpost.paycore-confirmation.shop  [urlscan @188.114.96.3 (hash:next2-chunk-01) / AS13335] tier=1 op=A
[2026-10-03T03:09:31Z] NEW domain  inpost.paycore-confirmation44232.casa  [urlscan @172.67.150.131 (hash:next2-chunk-03) / AS13335] tier=1 op=A
[2026-10-03T03:09:31Z] NEW domain  inpost.payplcore.biz.id  [urlscan @2606:4700:3031::6815:4b18 (hash:next2-chunk-01) / AS13335] tier=1 op=A
[2026-10-03T03:09:31Z] NEW domain  inpost.payprzelew-core2.eu.cc  [urlscan @172.67.195.115 (hash:next2-chunk-01) / AS13335] tier=1 op=A
[2026-10-03T03:09:31Z] NEW domain  inpost.przelew-paycore.biz.id  [urlscan @188.114.97.3 (hash:next2-chunk-01) / AS13335] tier=1 op=A
[2026-10-03T03:09:31Z] NEW domain  inpost.przelew-paycore.cfd  [urlscan @2606:4700:3031::6815:1f77 (hash:next2-chunk-02) / AS13335] tier=1 op=A
[2026-10-03T03:09:31Z] NEW domain  inpost.przelew-paycore.sbs  [urlscan @104.21.51.251 (hash:next2-chunk-01) / AS13335] tier=1 op=A
[2026-10-03T03:09:31Z] NEW domain  inpost.przelew-pl.shop  [urlscan @104.21.18.10 (hash:next2-chunk-01) / AS13335] tier=1 op=A
[2026-10-03T03:09:31Z] NEW domain  invoice-center.info  [urlscan @172.67.200.91 (apex-context:invoice-center.info) / AS13335] tier=1 op=A
[2026-10-03T03:09:31Z] NEW domain  klelnanzeigen-deutch.verkaufer-auszahlung.com  [urlscan @172.67.152.50 (apex-context:verkaufer-auszahlung.com) / AS13335] tier=1 op=A
[2026-10-03T03:09:31Z] NEW domain  leboncoin.monrelaisplusin.icu  [urlscan @172.67.180.116 (apex-context:monrelaisplusin.icu) / AS13335] tier=1 op=A
[2026-10-03T03:09:31Z] NEW domain  leboncoin.order-id8219.shop  [urlscan @172.67.181.187 (hash:next2-chunk-01) / AS13335] tier=1 op=A
[2026-10-03T03:09:31Z] NEW domain  lnk.ink  [urlscan @https://xzmsffm.com/a/c1-MndDJHOpNnjl6 (apex-context:xzmsffm.com) / 01a0f8c7-44d6-718d-9e25-9fc6b45e9c72] tier=1 op=A
[2026-10-03T03:09:31Z] NEW domain  marktplaats.verkaufer-auszahlung.com  [urlscan @104.21.80.169 (apex-context:verkaufer-auszahlung.com) / AS13335] tier=1 op=A
[2026-10-03T03:09:31Z] NEW domain  milanuncios.confirmado.cc  [urlscan @2a06:98c1:3120::3 (apex-context:confirmado.cc) / AS13335] tier=1 op=A
[2026-10-03T03:09:31Z] NEW domain  negabarit.sbs  [urlscan @172.67.174.82 (hash:next2-chunk-03) / AS13335] tier=1 op=A
[2026-10-03T03:09:31Z] NEW domain  njuskalo.payprotect.shop  [urlscan @2a06:98c1:3121::3 (apex-context:payprotect.shop) / AS13335] tier=1 op=A
[2026-10-03T03:09:31Z] NEW domain  olx-entrega.it.com  [urlscan @188.114.97.3 (apex-context:olx-entrega.it.com) / AS13335] tier=1 op=A
[2026-10-03T03:09:31Z] NEW domain  olx.confirmation-order-payu.lol  [urlscan @188.114.96.3 (hash:next2-chunk-01) / AS13335] tier=1 op=A
[2026-10-03T03:09:31Z] NEW domain  olx.confirmation-order.sbs  [urlscan @188.114.97.3 (hash:next2-chunk-09) / AS13335] tier=1 op=A
[2026-10-03T03:09:31Z] NEW domain  olx.paycore-confirmation44232.casa  [urlscan @172.67.150.131 (hash:next2-chunk-03) / AS13335] tier=1 op=A
[2026-10-03T03:09:31Z] NEW domain  olx.payprzelew-core1.fun  [urlscan @188.114.97.3 (hash:next2-chunk-01) / AS13335] tier=1 op=A
[2026-10-03T03:09:31Z] NEW domain  olx.poland-corepay1.eu.cc  [urlscan @188.114.97.3 (hash:next2-chunk-01) / AS13335] tier=1 op=A
[2026-10-03T03:09:31Z] NEW domain  olx.przelew-paycore.cyou  [urlscan @172.67.167.121 (hash:next2-chunk-01) / AS13335] tier=1 op=A
[2026-10-03T03:09:31Z] NEW domain  olx.przelew-paycore.sbs  [urlscan @104.21.51.251 (hash:next2-chunk-01) / AS13335] tier=1 op=A
[2026-10-03T03:09:31Z] NEW domain  order-detaljer.shop  [urlscan @188.114.97.3 (hash:next2-chunk-02) / AS13335] tier=1 op=A
[2026-10-03T03:09:31Z] NEW domain  order-info62351.com  [urlscan @172.67.219.140 (apex-context:order-info62351.com) / AS13335] tier=1 op=A
[2026-10-03T03:09:31Z] NEW domain  order-info84719.com  [urlscan @2a06:98c1:3120::3 (hash:next2-chunk-01) / AS13335] tier=1 op=A
[2026-10-03T03:09:31Z] NEW domain  orders-info92841.com  [urlscan @188.114.97.3 (hash:next2-chunk-01) / AS13335] tier=1 op=A
[2026-10-03T03:09:31Z] NEW domain  orders-info93657.com  [urlscan @2a06:98c1:3121::3 (apex-context:orders-info93657.com) / AS13335] tier=1 op=A
[2026-10-03T03:09:31Z] NEW domain  osrofoptp.com  [urlscan @172.67.183.181 (hash:next2-chunk-03) / AS13335] tier=1 op=A
[2026-10-03T03:09:31Z] NEW domain  paczzkaa763238.click  [urlscan @188.114.96.3 (apex-context:paczzkaa763238.click) / AS13335] tier=1 op=A
[2026-10-03T03:09:31Z] NEW domain  paycore-bup-process.sbs  [urlscan @188.114.96.3 (hash:next2-chunk-02) / AS13335] tier=1 op=A
[2026-10-03T03:09:31Z] NEW domain  paycore-confirmation.biz.id  [urlscan @188.114.96.3 (hash:next2-chunk-01) / AS13335] tier=1 op=A
[2026-10-03T03:09:31Z] NEW domain  paycore-confirmation.lol  [urlscan @172.67.170.138 (hash:next2-chunk-09) / AS13335] tier=1 op=A
[2026-10-03T03:09:31Z] NEW domain  paycore-confirmation.sbs  [urlscan @104.21.1.114 (hash:next2-chunk-09) / AS13335] tier=1 op=A
[2026-10-03T03:09:31Z] NEW domain  paycore-confirmation.shop  [urlscan @188.114.96.3 (hash:next2-chunk-01) / AS13335] tier=1 op=A
[2026-10-03T03:09:31Z] NEW domain  paycore-confirmation44232.beer  [urlscan @104.21.85.127 (hash:next2-chunk-03) / AS13335] tier=1 op=A
[2026-10-03T03:09:31Z] NEW domain  paycore-confirmation44232.casa  [urlscan @172.67.150.131 (hash:next2-chunk-03) / AS13335] tier=1 op=A
[2026-10-03T03:09:31Z] NEW domain  paycore-confirmation44232.lol  [urlscan @188.114.96.3 (hash:next2-chunk-09) / AS13335] tier=1 op=A
[2026-10-03T03:09:31Z] NEW domain  paycore-confirmation44232.study  [urlscan @188.114.96.3 (hash:next2-chunk-09) / AS13335] tier=1 op=A
[2026-10-03T03:09:31Z] NEW domain  paycore-trust-process.cfd  [urlscan @188.114.96.3 (apex-context:paycore-trust-process.cfd) / AS13335] tier=1 op=A
[2026-10-03T03:09:31Z] NEW domain  paycore-trust-process.sbs  [urlscan @172.67.171.30 (hash:next2-chunk-02) / AS13335] tier=1 op=A
[2026-10-03T03:09:31Z] NEW domain  payid.receive.sale  [urlscan @104.21.41.37 (hash:next2-chunk-03) / AS13335] tier=1 op=A
[2026-10-03T03:09:31Z] NEW domain  payplcore.biz.id  [urlscan @172.67.210.64 (hash:next2-chunk-01) / AS13335] tier=1 op=A
[2026-10-03T03:09:31Z] NEW domain  payprzelew-core1.site  [urlscan @104.21.88.19 (hash:next2-chunk-01) / AS13335] tier=1 op=A
[2026-10-03T03:09:31Z] NEW domain  payu-confirmation-pl.eu.cc  [urlscan @188.114.96.3 (apex-context:payu-confirmation-pl.eu.cc) / AS13335] tier=1 op=A
[2026-10-03T03:09:31Z] NEW domain  payu-confirmation.shop  [urlscan @172.67.139.196 (hash:next2-chunk-01) / AS13335] tier=1 op=A
[2026-10-03T03:09:31Z] NEW domain  przelew-paycore.biz.id  [urlscan @188.114.97.3 (hash:next2-chunk-01) / AS13335] tier=1 op=A
[2026-10-03T03:09:31Z] NEW domain  przelew-paycore.cfd  [urlscan @104.21.31.119 (hash:next2-chunk-02) / AS13335] tier=1 op=A
[2026-10-03T03:09:31Z] NEW domain  przelew-paycore.cyou  [urlscan @172.67.167.121 (hash:next2-chunk-02) / AS13335] tier=1 op=A
[2026-10-03T03:09:31Z] NEW domain  przelew-paycore.sbs  [urlscan @104.21.51.251 (hash:next2-chunk-02) / AS13335] tier=1 op=A
[2026-10-03T03:09:31Z] NEW domain  przelew-paycore.shop  [urlscan @188.114.96.3 (apex-context:przelew-paycore.shop) / AS13335] tier=1 op=A
[2026-10-03T03:09:31Z] NEW domain  real-compra-verif.world  [urlscan @172.67.174.237 (hash:next2-chunk-09) / AS13335] tier=1 op=A
[2026-10-03T03:09:31Z] NEW domain  realdr-id.com  [urlscan @172.67.218.218 (hash:next2-chunk-03) / AS13335] tier=1 op=A
[2026-10-03T03:09:31Z] NEW domain  stephanie.gumtree-payment.shop  [urlscan @104.21.56.142 (apex-context:gumtree-payment.shop) / AS13335] tier=1 op=A
[2026-10-03T03:09:31Z] NEW domain  user8396926.me  [urlscan @172.67.212.39 (hash:next2-chunk-01) / AS13335] tier=1 op=A
[2026-10-03T03:09:31Z] NEW domain  veriffy.sbs  [urlscan @104.21.2.34 (apex-context:veriffy.sbs) / AS13335] tier=1 op=A
[2026-10-03T03:09:31Z] NEW domain  verification-page6748.com  [urlscan @188.114.96.3 (apex-context:verification-page6748.com) / AS13335] tier=1 op=A
[2026-10-03T03:09:31Z] NEW domain  verification-payment.com  [urlscan @172.67.192.150 (apex-context:verification-payment.com) / AS13335] tier=1 op=A
[2026-10-03T03:09:31Z] NEW domain  verifiers-online-compras.shop  [urlscan @104.21.13.16 (apex-context:verifiers-online-compras.shop) / AS13335] tier=1 op=A
[2026-10-03T03:09:31Z] NEW domain  vintdeactive.com  [urlscan @188.114.97.3 (apex-context:vintdeactive.com) / AS13335] tier=1 op=A
[2026-10-03T03:09:31Z] NEW domain  vinted.0rd56t457543567567567.sbs  [urlscan @104.21.62.243 (apex-context:0rd56t457543567567567.sbs) / AS13335] tier=1 op=A
[2026-10-03T03:09:31Z] NEW domain  vinted.order-info84719.com  [urlscan @188.114.96.3 (hash:next2-chunk-01) / AS13335] tier=1 op=A
[2026-10-03T03:09:31Z] NEW domain  vinted.order3274.cfd  [urlscan @104.21.49.237 (apex-context:order3274.cfd) / AS13335] tier=1 op=A
[2026-10-03T03:09:31Z] NEW domain  vinted.psd18.com  [urlscan @104.21.25.161 (hash:next2-chunk-01) / AS13335] tier=1 op=A
[2026-10-03T03:09:31Z] NEW domain  vinted.qas9daj89fhj27252874.sbs  [urlscan @188.114.97.3 (hash:next2-chunk-01) / AS13335] tier=1 op=A
[2026-10-03T03:09:31Z] NEW domain  vinted.qdscdq.com  [urlscan @104.21.18.201 (hash:next2-chunk-01) / AS13335] tier=1 op=A
[2026-10-03T03:09:31Z] NEW domain  vinted.realdr-id.com  [urlscan @104.21.53.214 (hash:next2-chunk-03) / AS13335] tier=1 op=A
[2026-10-03T03:09:31Z] NEW domain  vinted.smurfysstore.com  [urlscan @172.67.194.93 (hash:next2-chunk-01) / AS13335] tier=1 op=A
[2026-10-03T03:09:31Z] NEW domain  vinted.uchooo.com  [urlscan @104.21.1.227 (hash:next2-chunk-02) / AS13335] tier=1 op=A
[2026-10-03T03:09:31Z] NEW domain  vinted.veriffy.sbs  [urlscan @104.21.2.34 (apex-context:veriffy.sbs) / AS13335] tier=1 op=A
[2026-10-03T03:09:31Z] NEW domain  vinted.verification-page6748.com  [urlscan @172.67.139.182 (apex-context:verification-page6748.com) / AS13335] tier=1 op=A
[2026-10-03T03:09:31Z] NEW domain  vinted.wfscgj.com  [urlscan @104.21.13.179 (hash:next2-chunk-01) / AS13335] tier=1 op=A
[2026-10-03T03:09:31Z] NEW domain  vintedverify.my.id  [urlscan @104.21.62.171 (apex-context:vintedverify.my.id) / AS13335] tier=1 op=A
[2026-10-03T03:09:31Z] NEW domain  vintedverify.web.id  [urlscan @104.21.28.59 (apex-context:vintedverify.web.id) / AS13335] tier=1 op=A
[2026-10-03T03:09:31Z] NEW domain  visa-order.help  [urlscan @172.67.152.97 (hash:next2-chunk-01) / AS13335] tier=1 op=A
[2026-10-03T03:09:31Z] NEW domain  wallapop.confirmado.cc  [urlscan @188.114.96.3 (apex-context:confirmado.cc) / AS13335] tier=1 op=A
[2026-10-03T03:09:31Z] NEW domain  xzmsffm.com  [urlscan @104.21.40.185 (apex-context:xzmsffm.com) / AS13335] tier=1 op=A
[2026-10-03T03:09:31Z] NEW domain  zzuav.com  [urlscan @2606:4700:3037::ac43:af88 (apex-context:zzuav.com) / AS13335] tier=1 op=A
[2026-10-03T03:09:31Z] candidate ip  104.21.10.99  [dns (blocket.orders-info93657.com)] tier=2 op=A
[2026-10-03T03:09:31Z] candidate ip  104.21.13.16  [dns (verifiers-online-compras.shop)] tier=2 op=A
[2026-10-03T03:09:31Z] candidate ip  104.21.14.210  [dns (blocket.frakt-orderhubid94699.eu.cc)] tier=2 op=A
[2026-10-03T03:09:31Z] candidate ip  104.21.2.34  [dns (veriffy.sbs)] tier=2 op=A
[2026-10-03T03:09:31Z] candidate ip  104.21.21.207  [dns (confirmado.cc)] tier=2 op=A
[2026-10-03T03:09:31Z] candidate ip  104.21.21.212  [dns (invoice-center.info)] tier=2 op=A
[2026-10-03T03:09:31Z] candidate ip  104.21.25.231  [dns (encaiss.top)] tier=2 op=A
[2026-10-03T03:09:31Z] candidate ip  104.21.27.2  [dns (payu-confirmation.shop)] tier=2 op=A
[2026-10-03T03:09:31Z] candidate ip  104.21.28.118  [dns (njuskalo.payprotect.shop)] tier=2 op=A
[2026-10-03T03:09:31Z] candidate ip  104.21.28.59  [dns (vintedverify.web.id)] tier=2 op=A
[2026-10-03T03:09:31Z] candidate ip  104.21.36.109  [dns (verification-payment.com)] tier=2 op=A
[2026-10-03T03:09:31Z] candidate ip  104.21.38.59  [dns (order-info62351.com)] tier=2 op=A
[2026-10-03T03:09:31Z] candidate ip  104.21.40.185  [dns (xzmsffm.com)] tier=2 op=A
[2026-10-03T03:09:31Z] candidate ip  104.21.40.67  [dns (blocket.ch-cn-ng28app.com)] tier=2 op=A
[2026-10-03T03:09:31Z] candidate ip  104.21.41.48  [dns (paczzkaa763238.click)] tier=2 op=A
[2026-10-03T03:09:31Z] candidate ip  104.21.42.137  [dns (beseif.compra-verif.cfd)] tier=2 op=A
[2026-10-03T03:09:31Z] candidate ip  104.21.49.12  [dns (blocket.cn-en-c7app.com)] tier=2 op=A
[2026-10-03T03:09:31Z] candidate ip  104.21.49.237  [dns (order3274.cfd)] tier=2 op=A
[2026-10-03T03:09:31Z] candidate ip  104.21.5.141  [dns (paycore-trust-process.cfd)] tier=2 op=A
[2026-10-03T03:09:31Z] candidate ip  104.21.56.142  [dns (conor.gumtree-payment.shop)] tier=2 op=A
[2026-10-03T03:09:31Z] candidate ip  104.21.56.153  [dns (lnk.ink)] tier=2 op=A
[2026-10-03T03:09:31Z] candidate ip  104.21.59.191  [dns (cylex-verifbankid.cfd)] tier=2 op=A
[2026-10-03T03:09:31Z] candidate ip  104.21.62.171  [dns (vintedverify.my.id)] tier=2 op=A
[2026-10-03T03:09:31Z] candidate ip  104.21.62.243  [dns (0rd56t457543567567567.sbs)] tier=2 op=A
[2026-10-03T03:09:31Z] candidate ip  104.21.69.26  [dns (dpd-cz.live)] tier=2 op=A
[2026-10-03T03:09:31Z] candidate ip  104.21.74.228  [dns (payu-confirmation-pl.eu.cc)] tier=2 op=A
[2026-10-03T03:09:31Z] candidate ip  104.21.75.190  [dns (gumtree.order4851.com)] tier=2 op=A
[2026-10-03T03:09:31Z] candidate ip  104.21.8.162  [dns (verification-page6748.com)] tier=2 op=A
[2026-10-03T03:09:31Z] candidate ip  104.21.80.169  [dns (klelnanzeigen-deutch.verkaufer-auszahlung.com)] tier=2 op=A
[2026-10-03T03:09:31Z] candidate ip  104.21.81.179  [dns (vintdeactive.com)] tier=2 op=A
[2026-10-03T03:09:31Z] candidate ip  104.21.89.163  [dns (depop.verification-help.com)] tier=2 op=A
[2026-10-03T03:09:31Z] candidate ip  104.21.9.94  [dns (olx-entrega.it.com)] tier=2 op=A
[2026-10-03T03:09:31Z] candidate ip  104.21.91.163  [dns (zzuav.com)] tier=2 op=A
[2026-10-03T03:09:31Z] candidate ip  104.21.91.198  [dns (gumtree.order21.shop)] tier=2 op=A
[2026-10-03T03:09:31Z] candidate ip  104.21.91.211  [dns (leboncoin.monrelaisplusin.icu)] tier=2 op=A
[2026-10-03T03:09:31Z] candidate ip  104.21.95.58  [dns (przelew-paycore.shop)] tier=2 op=A
[2026-10-03T03:09:31Z] candidate ip  133.55.211.112  [dns (przelew-paycore.cyou)] tier=2 op=A
[2026-10-03T03:09:31Z] candidate ip  163.206.244.33  [dns (paycore-confirmation.sbs)] tier=2 op=A
[2026-10-03T03:09:31Z] candidate ip  172.67.128.169  [dns (veriffy.sbs)] tier=2 op=A
[2026-10-03T03:09:31Z] candidate ip  172.67.131.78  [dns (blocket.orders-info93657.com)] tier=2 op=A
[2026-10-03T03:09:31Z] candidate ip  172.67.134.223  [dns (encaiss.top)] tier=2 op=A
[2026-10-03T03:09:31Z] candidate ip  172.67.137.143  [dns (vintedverify.my.id)] tier=2 op=A
[2026-10-03T03:09:31Z] candidate ip  172.67.139.182  [dns (verification-page6748.com)] tier=2 op=A
[2026-10-03T03:09:31Z] candidate ip  172.67.139.196  [dns (payu-confirmation.shop)] tier=2 op=A
[2026-10-03T03:09:31Z] candidate ip  172.67.140.163  [dns (0rd56t457543567567567.sbs)] tier=2 op=A
[2026-10-03T03:09:31Z] candidate ip  172.67.143.86  [dns (przelew-paycore.shop)] tier=2 op=A
[2026-10-03T03:09:31Z] candidate ip  172.67.145.139  [dns (vintdeactive.com)] tier=2 op=A
[2026-10-03T03:09:31Z] candidate ip  172.67.145.254  [dns (njuskalo.payprotect.shop)] tier=2 op=A
[2026-10-03T03:09:31Z] candidate ip  172.67.152.126  [dns (conor.gumtree-payment.shop)] tier=2 op=A
[2026-10-03T03:09:31Z] candidate ip  172.67.152.193  [dns (lnk.ink)] tier=2 op=A
[2026-10-03T03:09:31Z] candidate ip  172.67.152.50  [dns (klelnanzeigen-deutch.verkaufer-auszahlung.com)] tier=2 op=A
[2026-10-03T03:09:31Z] candidate ip  172.67.154.165  [dns (paycore-trust-process.cfd)] tier=2 op=A
[2026-10-03T03:09:31Z] candidate ip  172.67.156.74  [dns (xzmsffm.com)] tier=2 op=A
[2026-10-03T03:09:31Z] candidate ip  172.67.159.188  [dns (olx-entrega.it.com)] tier=2 op=A
[2026-10-03T03:09:31Z] candidate ip  172.67.159.248  [dns (paczzkaa763238.click)] tier=2 op=A
[2026-10-03T03:09:31Z] candidate ip  172.67.160.146  [dns (blocket.frakt-orderhubid94699.eu.cc)] tier=2 op=A
[2026-10-03T03:09:31Z] candidate ip  172.67.167.229  [dns (verifiers-online-compras.shop)] tier=2 op=A
[2026-10-03T03:09:31Z] candidate ip  172.67.170.100  [dns (vintedverify.web.id)] tier=2 op=A
[2026-10-03T03:09:31Z] candidate ip  172.67.175.136  [dns (zzuav.com)] tier=2 op=A
[2026-10-03T03:09:31Z] candidate ip  172.67.179.28  [dns (blocket.ch-cn-ng28app.com)] tier=2 op=A
[2026-10-03T03:09:31Z] candidate ip  172.67.179.51  [dns (gumtree.order21.shop)] tier=2 op=A
[2026-10-03T03:09:31Z] candidate ip  172.67.180.116  [dns (leboncoin.monrelaisplusin.icu)] tier=2 op=A
[2026-10-03T03:09:31Z] candidate ip  172.67.180.224  [dns (gumtree.order4851.com)] tier=2 op=A
[2026-10-03T03:09:31Z] candidate ip  172.67.182.235  [dns (cylex-verifbankid.cfd)] tier=2 op=A
[2026-10-03T03:09:31Z] candidate ip  172.67.188.196  [dns (blocket.cn-en-c7app.com)] tier=2 op=A
[2026-10-03T03:09:31Z] candidate ip  172.67.189.245  [dns (depop.verification-help.com)] tier=2 op=A
[2026-10-03T03:09:31Z] candidate ip  172.67.192.150  [dns (verification-payment.com)] tier=2 op=A
[2026-10-03T03:09:31Z] candidate ip  172.67.195.211  [dns (order3274.cfd)] tier=2 op=A
[2026-10-03T03:09:31Z] candidate ip  172.67.200.86  [dns (confirmado.cc)] tier=2 op=A
[2026-10-03T03:09:31Z] candidate ip  172.67.200.91  [dns (invoice-center.info)] tier=2 op=A
[2026-10-03T03:09:31Z] candidate ip  172.67.203.46  [dns (dpd-cz.live)] tier=2 op=A
[2026-10-03T03:09:31Z] candidate ip  172.67.206.28  [dns (beseif.compra-verif.cfd)] tier=2 op=A
[2026-10-03T03:09:31Z] candidate ip  172.67.207.46  [dns (payu-confirmation-pl.eu.cc)] tier=2 op=A
[2026-10-03T03:09:31Z] candidate ip  172.67.219.140  [dns (order-info62351.com)] tier=2 op=A
[2026-10-03T03:09:31Z] candidate ip  181.86.216.198  [dns (przelew-paycore.sbs)] tier=2 op=A
[2026-10-03T03:09:31Z] candidate ip  185.53.179.136  [dns (order-detaljer.shop)] tier=2 op=A
[2026-10-03T03:09:31Z] candidate ip  2606:4700:3030::6815:19e7  [dns (encaiss.top)] tier=2 op=A
[2026-10-03T03:09:31Z] candidate ip  2606:4700:3030::6815:1c3b  [dns (vintedverify.web.id)] tier=2 op=A
[2026-10-03T03:09:31Z] candidate ip  2606:4700:3030::6815:246d  [dns (verification-payment.com)] tier=2 op=A
[2026-10-03T03:09:31Z] candidate ip  2606:4700:3030::6815:2843  [dns (blocket.ch-cn-ng28app.com)] tier=2 op=A
[2026-10-03T03:09:31Z] candidate ip  2606:4700:3030::6815:3899  [dns (lnk.ink)] tier=2 op=A
[2026-10-03T03:09:31Z] candidate ip  2606:4700:3030::6815:5bd3  [dns (leboncoin.monrelaisplusin.icu)] tier=2 op=A
[2026-10-03T03:09:31Z] candidate ip  2606:4700:3030::6815:8a2  [dns (verification-page6748.com)] tier=2 op=A
[2026-10-03T03:09:31Z] candidate ip  2606:4700:3030::ac43:987e  [dns (conor.gumtree-payment.shop)] tier=2 op=A
[2026-10-03T03:09:31Z] candidate ip  2606:4700:3030::ac43:b333  [dns (gumtree.order21.shop)] tier=2 op=A
[2026-10-03T03:09:31Z] candidate ip  2606:4700:3031::6815:388e  [dns (conor.gumtree-payment.shop)] tier=2 op=A
[2026-10-03T03:09:31Z] candidate ip  2606:4700:3031::6815:4bbe  [dns (gumtree.order4851.com)] tier=2 op=A
[2026-10-03T03:09:31Z] candidate ip  2606:4700:3031::6815:51b3  [dns (vintdeactive.com)] tier=2 op=A
[2026-10-03T03:09:31Z] candidate ip  2606:4700:3031::6815:58d  [dns (paycore-trust-process.cfd)] tier=2 op=A
[2026-10-03T03:09:31Z] candidate ip  2606:4700:3031::ac43:8f56  [dns (przelew-paycore.shop)] tier=2 op=A
[2026-10-03T03:09:31Z] candidate ip  2606:4700:3031::ac43:9aa5  [dns (paycore-trust-process.cfd)] tier=2 op=A
[2026-10-03T03:09:31Z] candidate ip  2606:4700:3031::ac43:a7e5  [dns (verifiers-online-compras.shop)] tier=2 op=A
[2026-10-03T03:09:31Z] candidate ip  2606:4700:3031::ac43:ce1c  [dns (beseif.compra-verif.cfd)] tier=2 op=A
[2026-10-03T03:09:31Z] candidate ip  2606:4700:3032::6815:310c  [dns (blocket.cn-en-c7app.com)] tier=2 op=A
[2026-10-03T03:09:31Z] candidate ip  2606:4700:3032::6815:451a  [dns (dpd-cz.live)] tier=2 op=A
[2026-10-03T03:09:31Z] candidate ip  2606:4700:3032::6815:5ba3  [dns (zzuav.com)] tier=2 op=A
[2026-10-03T03:09:31Z] candidate ip  2606:4700:3032::6815:ed2  [dns (blocket.frakt-orderhubid94699.eu.cc)] tier=2 op=A
[2026-10-03T03:09:31Z] candidate ip  2606:4700:3032::ac43:918b  [dns (vintdeactive.com)] tier=2 op=A
[2026-10-03T03:09:31Z] candidate ip  2606:4700:3032::ac43:a092  [dns (blocket.frakt-orderhubid94699.eu.cc)] tier=2 op=A
[2026-10-03T03:09:31Z] candidate ip  2606:4700:3032::ac43:cb2e  [dns (dpd-cz.live)] tier=2 op=A
[2026-10-03T03:09:31Z] candidate ip  2606:4700:3033::6815:2930  [dns (paczzkaa763238.click)] tier=2 op=A
[2026-10-03T03:09:31Z] candidate ip  2606:4700:3033::6815:31ed  [dns (order3274.cfd)] tier=2 op=A
[2026-10-03T03:09:31Z] candidate ip  2606:4700:3033::6815:5bc6  [dns (gumtree.order21.shop)] tier=2 op=A
[2026-10-03T03:09:31Z] candidate ip  2606:4700:3033::6815:a63  [dns (blocket.orders-info93657.com)] tier=2 op=A
[2026-10-03T03:09:31Z] candidate ip  2606:4700:3033::ac43:80a9  [dns (veriffy.sbs)] tier=2 op=A
[2026-10-03T03:09:31Z] candidate ip  2606:4700:3033::ac43:834e  [dns (blocket.orders-info93657.com)] tier=2 op=A
[2026-10-03T03:09:31Z] candidate ip  2606:4700:3033::ac43:86df  [dns (encaiss.top)] tier=2 op=A
[2026-10-03T03:09:31Z] candidate ip  2606:4700:3033::ac43:898f  [dns (vintedverify.my.id)] tier=2 op=A
[2026-10-03T03:09:31Z] candidate ip  2606:4700:3033::ac43:91fe  [dns (njuskalo.payprotect.shop)] tier=2 op=A
[2026-10-03T03:09:31Z] candidate ip  2606:4700:3033::ac43:bcc4  [dns (blocket.cn-en-c7app.com)] tier=2 op=A
[2026-10-03T03:09:31Z] candidate ip  2606:4700:3033::ac43:bdf5  [dns (depop.verification-help.com)] tier=2 op=A
[2026-10-03T03:09:31Z] candidate ip  2606:4700:3033::ac43:c096  [dns (verification-payment.com)] tier=2 op=A
[2026-10-03T03:09:31Z] candidate ip  2606:4700:3033::ac43:db8c  [dns (order-info62351.com)] tier=2 op=A
[2026-10-03T03:09:31Z] candidate ip  2606:4700:3034::6815:59a3  [dns (depop.verification-help.com)] tier=2 op=A
[2026-10-03T03:09:31Z] candidate ip  2606:4700:3034::6815:5f3a  [dns (przelew-paycore.shop)] tier=2 op=A
[2026-10-03T03:09:31Z] candidate ip  2606:4700:3034::6815:d10  [dns (verifiers-online-compras.shop)] tier=2 op=A
[2026-10-03T03:09:31Z] candidate ip  2606:4700:3034::ac43:8bb6  [dns (verification-page6748.com)] tier=2 op=A
[2026-10-03T03:09:31Z] candidate ip  2606:4700:3034::ac43:98c1  [dns (lnk.ink)] tier=2 op=A
[2026-10-03T03:09:31Z] candidate ip  2606:4700:3034::ac43:9ff8  [dns (paczzkaa763238.click)] tier=2 op=A
[2026-10-03T03:09:31Z] candidate ip  2606:4700:3034::ac43:b31c  [dns (blocket.ch-cn-ng28app.com)] tier=2 op=A
[2026-10-03T03:09:31Z] candidate ip  2606:4700:3034::ac43:c3d3  [dns (order3274.cfd)] tier=2 op=A
[2026-10-03T03:09:31Z] candidate ip  2606:4700:3034::ac43:c856  [dns (confirmado.cc)] tier=2 op=A
[2026-10-03T03:09:31Z] candidate ip  2606:4700:3035::6815:15cf  [dns (confirmado.cc)] tier=2 op=A
[2026-10-03T03:09:31Z] candidate ip  2606:4700:3035::6815:15d4  [dns (invoice-center.info)] tier=2 op=A
[2026-10-03T03:09:31Z] candidate ip  2606:4700:3035::6815:263b  [dns (order-info62351.com)] tier=2 op=A
[2026-10-03T03:09:31Z] candidate ip  2606:4700:3035::6815:28b9  [dns (xzmsffm.com)] tier=2 op=A
[2026-10-03T03:09:31Z] candidate ip  2606:4700:3035::6815:3bbf  [dns (cylex-verifbankid.cfd)] tier=2 op=A
[2026-10-03T03:09:31Z] candidate ip  2606:4700:3035::6815:3eab  [dns (vintedverify.my.id)] tier=2 op=A
[2026-10-03T03:09:31Z] candidate ip  2606:4700:3035::6815:95e  [dns (olx-entrega.it.com)] tier=2 op=A
[2026-10-03T03:09:31Z] candidate ip  2606:4700:3035::ac43:8bc4  [dns (payu-confirmation.shop)] tier=2 op=A
[2026-10-03T03:09:31Z] candidate ip  2606:4700:3035::ac43:aa64  [dns (vintedverify.web.id)] tier=2 op=A
[2026-10-03T03:09:31Z] candidate ip  2606:4700:3036::6815:1c76  [dns (njuskalo.payprotect.shop)] tier=2 op=A
[2026-10-03T03:09:31Z] candidate ip  2606:4700:3036::6815:222  [dns (veriffy.sbs)] tier=2 op=A
[2026-10-03T03:09:31Z] candidate ip  2606:4700:3036::6815:2a89  [dns (beseif.compra-verif.cfd)] tier=2 op=A
[2026-10-03T03:09:31Z] candidate ip  2606:4700:3036::6815:3ef3  [dns (0rd56t457543567567567.sbs)] tier=2 op=A
[2026-10-03T03:09:31Z] candidate ip  2606:4700:3036::6815:4ae4  [dns (payu-confirmation-pl.eu.cc)] tier=2 op=A
[2026-10-03T03:09:31Z] candidate ip  2606:4700:3036::ac43:9832  [dns (klelnanzeigen-deutch.verkaufer-auszahlung.com)] tier=2 op=A
[2026-10-03T03:09:31Z] candidate ip  2606:4700:3036::ac43:b4e0  [dns (gumtree.order4851.com)] tier=2 op=A
[2026-10-03T03:09:31Z] candidate ip  2606:4700:3036::ac43:c85b  [dns (invoice-center.info)] tier=2 op=A
[2026-10-03T03:09:31Z] candidate ip  2606:4700:3037::6815:1b02  [dns (payu-confirmation.shop)] tier=2 op=A
[2026-10-03T03:09:31Z] candidate ip  2606:4700:3037::6815:50a9  [dns (klelnanzeigen-deutch.verkaufer-auszahlung.com)] tier=2 op=A
[2026-10-03T03:09:31Z] candidate ip  2606:4700:3037::ac43:8ca3  [dns (0rd56t457543567567567.sbs)] tier=2 op=A
[2026-10-03T03:09:31Z] candidate ip  2606:4700:3037::ac43:9c4a  [dns (xzmsffm.com)] tier=2 op=A
[2026-10-03T03:09:31Z] candidate ip  2606:4700:3037::ac43:9fbc  [dns (olx-entrega.it.com)] tier=2 op=A
[2026-10-03T03:09:31Z] candidate ip  2606:4700:3037::ac43:af88  [dns (zzuav.com)] tier=2 op=A
[2026-10-03T03:09:31Z] candidate ip  2606:4700:3037::ac43:b474  [dns (leboncoin.monrelaisplusin.icu)] tier=2 op=A
[2026-10-03T03:09:31Z] candidate ip  2606:4700:3037::ac43:b6eb  [dns (cylex-verifbankid.cfd)] tier=2 op=A
[2026-10-03T03:09:31Z] candidate ip  2606:4700:3037::ac43:cf2e  [dns (payu-confirmation-pl.eu.cc)] tier=2 op=A
[2026-10-03T03:09:31Z] candidate ip  88.154.127.228  [dns (paycore-confirmation.lol)] tier=2 op=A
[2026-10-03T03:09:31Z] HEALTH certspotter=10/69 crtsh=0/3 urlscan=100/100 dns-google=290/290 dns-cf=290/290
[2026-10-03T03:09:31Z] HEALTH-NOTE crtsh degraded (0/3) — CT token/new-apex discovery skipped this run
[2026-10-03T03:09:31Z] AUTO-PROMOTE apex 58stw.com (kit-fingerprint, op=A) -> now CT/DNS/scan-watched
[2026-10-03T03:09:31Z] AUTO-PROMOTE apex action-paycore-pl.shop (kit-fingerprint, op=A) -> now CT/DNS/scan-watched
[2026-10-03T03:09:31Z] AUTO-PROMOTE apex auth-lnfo.com (kit-fingerprint, op=A) -> now CT/DNS/scan-watched
[2026-10-03T03:09:31Z] AUTO-PROMOTE apex avhenting2409.cc (kit-fingerprint, op=A) -> now CT/DNS/scan-watched
[2026-10-03T03:09:31Z] AUTO-PROMOTE apex avhenting2709.cc (kit-fingerprint, op=A) -> now CT/DNS/scan-watched
[2026-10-03T03:09:31Z] AUTO-PROMOTE apex avhenting2909.cc (kit-fingerprint, op=A) -> now CT/DNS/scan-watched
[2026-10-03T03:09:31Z] AUTO-PROMOTE apex bekreftjs.com (kit-fingerprint, op=A) -> now CT/DNS/scan-watched
[2026-10-03T03:09:31Z] AUTO-PROMOTE apex bekreftnorwq.com (kit-fingerprint, op=A) -> now CT/DNS/scan-watched
[2026-10-03T03:09:31Z] AUTO-PROMOTE apex bekreftoo.com (kit-fingerprint, op=A) -> now CT/DNS/scan-watched
[2026-10-03T03:09:31Z] AUTO-PROMOTE apex c0mpra-verify.help (kit-fingerprint, op=A) -> now CT/DNS/scan-watched
[2026-10-03T03:09:31Z] AUTO-PROMOTE apex checkn-auth.com (kit-fingerprint, op=A) -> now CT/DNS/scan-watched
[2026-10-03T03:09:31Z] AUTO-PROMOTE apex confirmation-order-gg.cfd (kit-fingerprint, op=A) -> now CT/DNS/scan-watched
[2026-10-03T03:09:31Z] AUTO-PROMOTE apex confirmation-order-gg.sbs (kit-fingerprint, op=A) -> now CT/DNS/scan-watched
[2026-10-03T03:09:31Z] AUTO-PROMOTE apex confirmation-order-payu.cfd (kit-fingerprint, op=A) -> now CT/DNS/scan-watched
[2026-10-03T03:09:31Z] AUTO-PROMOTE apex confirmation-order-payu.lol (kit-fingerprint, op=A) -> now CT/DNS/scan-watched
[2026-10-03T03:09:31Z] AUTO-PROMOTE apex confirmation-order-payu.sbs (kit-fingerprint, op=A) -> now CT/DNS/scan-watched
[2026-10-03T03:09:31Z] AUTO-PROMOTE apex confirmation-order-pl.sbs (kit-fingerprint, op=A) -> now CT/DNS/scan-watched
[2026-10-03T03:09:31Z] AUTO-PROMOTE apex confirmation-order.sbs (kit-fingerprint, op=A) -> now CT/DNS/scan-watched
[2026-10-03T03:09:31Z] AUTO-PROMOTE apex dfclgzw.com (kit-fingerprint, op=A) -> now CT/DNS/scan-watched
[2026-10-03T03:09:31Z] AUTO-PROMOTE apex huian189.com (kit-fingerprint, op=A) -> now CT/DNS/scan-watched
[2026-10-03T03:09:31Z] AUTO-PROMOTE apex info-auth.com (kit-fingerprint, op=A) -> now CT/DNS/scan-watched
[2026-10-03T03:09:31Z] AUTO-PROMOTE apex negabarit.sbs (kit-fingerprint, op=A) -> now CT/DNS/scan-watched
[2026-10-03T03:09:31Z] AUTO-PROMOTE apex order-detaljer.shop (kit-fingerprint, op=A) -> now CT/DNS/scan-watched
[2026-10-03T03:09:31Z] AUTO-PROMOTE apex order-id8219.shop (kit-fingerprint, op=A) -> now CT/DNS/scan-watched
[2026-10-03T03:09:31Z] AUTO-PROMOTE apex order-info84719.com (kit-fingerprint, op=A) -> now CT/DNS/scan-watched
[2026-10-03T03:09:31Z] AUTO-PROMOTE apex orders-info92841.com (kit-fingerprint, op=A) -> now CT/DNS/scan-watched
[2026-10-03T03:09:31Z] AUTO-PROMOTE apex osrofoptp.com (kit-fingerprint, op=A) -> now CT/DNS/scan-watched
[2026-10-03T03:09:31Z] AUTO-PROMOTE apex paczzka4342362.cyou (kit-fingerprint, op=A) -> now CT/DNS/scan-watched
[2026-10-03T03:09:31Z] AUTO-PROMOTE apex paczzka434236212.shop (kit-fingerprint, op=A) -> now CT/DNS/scan-watched
[2026-10-03T03:09:31Z] AUTO-PROMOTE apex pay-service-customer.eu.cc (kit-fingerprint, op=A) -> now CT/DNS/scan-watched
[2026-10-03T03:09:31Z] AUTO-PROMOTE apex paycore-bup-process.sbs (kit-fingerprint, op=A) -> now CT/DNS/scan-watched
[2026-10-03T03:09:31Z] AUTO-PROMOTE apex paycore-confirmation.biz.id (kit-fingerprint, op=A) -> now CT/DNS/scan-watched
[2026-10-03T03:09:31Z] AUTO-PROMOTE apex paycore-confirmation.lol (kit-fingerprint, op=A) -> now CT/DNS/scan-watched
[2026-10-03T03:09:31Z] AUTO-PROMOTE apex paycore-confirmation.sbs (kit-fingerprint, op=A) -> now CT/DNS/scan-watched
[2026-10-03T03:09:31Z] AUTO-PROMOTE apex paycore-confirmation.shop (kit-fingerprint, op=A) -> now CT/DNS/scan-watched
[2026-10-03T03:09:31Z] AUTO-PROMOTE apex paycore-confirmation44232.beer (kit-fingerprint, op=A) -> now CT/DNS/scan-watched
[2026-10-03T03:09:31Z] AUTO-PROMOTE apex paycore-confirmation44232.casa (kit-fingerprint, op=A) -> now CT/DNS/scan-watched
[2026-10-03T03:09:31Z] AUTO-PROMOTE apex paycore-confirmation44232.lol (kit-fingerprint, op=A) -> now CT/DNS/scan-watched
[2026-10-03T03:09:31Z] AUTO-PROMOTE apex paycore-confirmation44232.study (kit-fingerprint, op=A) -> now CT/DNS/scan-watched
[2026-10-03T03:09:31Z] AUTO-PROMOTE apex paycore-pl-action.eu.cc (kit-fingerprint, op=A) -> now CT/DNS/scan-watched
[2026-10-03T03:09:31Z] AUTO-PROMOTE apex paycore-trust-process.sbs (kit-fingerprint, op=A) -> now CT/DNS/scan-watched
[2026-10-03T03:09:31Z] AUTO-PROMOTE apex payplcore.biz.id (kit-fingerprint, op=A) -> now CT/DNS/scan-watched
[2026-10-03T03:09:31Z] AUTO-PROMOTE apex payprzelew-core1.fun (kit-fingerprint, op=A) -> now CT/DNS/scan-watched
[2026-10-03T03:09:31Z] AUTO-PROMOTE apex payprzelew-core1.site (kit-fingerprint, op=A) -> now CT/DNS/scan-watched
[2026-10-03T03:09:31Z] AUTO-PROMOTE apex payprzelew-core2.eu.cc (kit-fingerprint, op=A) -> now CT/DNS/scan-watched
[2026-10-03T03:09:31Z] AUTO-PROMOTE apex payu-confirmation.shop (kit-fingerprint, op=A) -> now CT/DNS/scan-watched
[2026-10-03T03:09:31Z] AUTO-PROMOTE apex poland-corepay1.eu.cc (kit-fingerprint, op=A) -> now CT/DNS/scan-watched
[2026-10-03T03:09:31Z] AUTO-PROMOTE apex przelew-paycore.biz.id (kit-fingerprint, op=A) -> now CT/DNS/scan-watched
[2026-10-03T03:09:31Z] AUTO-PROMOTE apex przelew-paycore.cfd (kit-fingerprint, op=A) -> now CT/DNS/scan-watched
[2026-10-03T03:09:31Z] AUTO-PROMOTE apex przelew-paycore.cyou (kit-fingerprint, op=A) -> now CT/DNS/scan-watched
[2026-10-03T03:09:31Z] AUTO-PROMOTE apex przelew-paycore.sbs (kit-fingerprint, op=A) -> now CT/DNS/scan-watched
[2026-10-03T03:09:31Z] AUTO-PROMOTE apex przelew-pl.shop (kit-fingerprint, op=A) -> now CT/DNS/scan-watched
[2026-10-03T03:09:31Z] AUTO-PROMOTE apex psd18.com (kit-fingerprint, op=A) -> now CT/DNS/scan-watched
[2026-10-03T03:09:31Z] AUTO-PROMOTE apex qas9daj89fhj27252874.sbs (kit-fingerprint, op=A) -> now CT/DNS/scan-watched
[2026-10-03T03:09:31Z] AUTO-PROMOTE apex qdscdq.com (kit-fingerprint, op=A) -> now CT/DNS/scan-watched
[2026-10-03T03:09:31Z] AUTO-PROMOTE apex real-compra-verif.world (kit-fingerprint, op=A) -> now CT/DNS/scan-watched
[2026-10-03T03:09:31Z] AUTO-PROMOTE apex realdr-id.com (kit-fingerprint, op=A) -> now CT/DNS/scan-watched
[2026-10-03T03:09:31Z] AUTO-PROMOTE apex receive.sale (kit-fingerprint, op=A) -> now CT/DNS/scan-watched
[2026-10-03T03:09:31Z] AUTO-PROMOTE apex smurfysstore.com (kit-fingerprint, op=A) -> now CT/DNS/scan-watched
[2026-10-03T03:09:31Z] AUTO-PROMOTE apex uchooo.com (kit-fingerprint, op=A) -> now CT/DNS/scan-watched
[2026-10-03T03:09:31Z] AUTO-PROMOTE apex user8396926.me (kit-fingerprint, op=A) -> now CT/DNS/scan-watched
[2026-10-03T03:09:31Z] AUTO-PROMOTE apex visa-order.help (kit-fingerprint, op=A) -> now CT/DNS/scan-watched
[2026-10-03T03:09:31Z] AUTO-PROMOTE apex wfscgj.com (kit-fingerprint, op=A) -> now CT/DNS/scan-watched
[2026-10-03T03:09:31Z] HASH-CHAIN new fingerprint 7dc4ce572df102dfef5e142a66a11cbcc644e555c5af64a2a11060ead0ed689a co-occurs with 20 known kit domains (28 scans) -> added to fingerprints.txt
[2026-10-03T03:09:31Z] HASH-CHAIN archived source body for 7dc4ce572df102dfef5e142a66a11cbcc644e555c5af64a2a11060ead0ed689a -> kit-source/raw_bodies/7dc4ce572df102dfef5e142a66a11cbcc644e555c5af64a2a11060ead0ed689a.js
[2026-10-03T03:09:31Z] HASH-CHAIN new fingerprint 9fda853870ebafea132bf5dcb9f761f01d5493d20566f3b5160dc34a55e4adca co-occurs with 17 known kit domains (23 scans) -> added to fingerprints.txt
[2026-10-03T03:09:31Z] HASH-CHAIN archived source body for 9fda853870ebafea132bf5dcb9f761f01d5493d20566f3b5160dc34a55e4adca -> kit-source/raw_bodies/9fda853870ebafea132bf5dcb9f761f01d5493d20566f3b5160dc34a55e4adca.js
[2026-10-03T03:09:31Z] HASH-CHAIN new fingerprint c44974f786226283e4ad01e315cd71964d486585d452ea93593c52abf3f585e8 co-occurs with 17 known kit domains (23 scans) -> added to fingerprints.txt
[2026-10-03T03:09:31Z] HASH-CHAIN archived source body for c44974f786226283e4ad01e315cd71964d486585d452ea93593c52abf3f585e8 -> kit-source/raw_bodies/c44974f786226283e4ad01e315cd71964d486585d452ea93593c52abf3f585e8.js
[2026-10-03T03:09:31Z] HASH-CHAIN new fingerprint 119c0c4c36f66331dca1e26260544249630dedbb71602b1eefdc1a0156554ee9 co-occurs with 6 known kit domains (3 scans) -> added to fingerprints.txt
[2026-10-03T03:09:31Z] HASH-CHAIN archived source body for 119c0c4c36f66331dca1e26260544249630dedbb71602b1eefdc1a0156554ee9 -> kit-source/raw_bodies/119c0c4c36f66331dca1e26260544249630dedbb71602b1eefdc1a0156554ee9.js
[2026-10-03T03:09:31Z] HASH-CHAIN new fingerprint 12b82e4b91a90c320d45ce8c75ec97fbd2c29a6d55f0daff296547fe4cf6a070 co-occurs with 6 known kit domains (3 scans) -> added to fingerprints.txt
[2026-10-03T03:09:31Z] HASH-CHAIN archived source body for 12b82e4b91a90c320d45ce8c75ec97fbd2c29a6d55f0daff296547fe4cf6a070 -> kit-source/raw_bodies/12b82e4b91a90c320d45ce8c75ec97fbd2c29a6d55f0daff296547fe4cf6a070.js
[2026-10-03T03:09:31Z] HASH-CHAIN new fingerprint 2a4ddcaa25b70b3861eaf0a36931e385366dae5ddd37dd8ac138ddc2aa62bc18 co-occurs with 2 known kit domains (3 scans) -> added to fingerprints.txt
[2026-10-03T03:09:31Z] HASH-CHAIN archived source body for 2a4ddcaa25b70b3861eaf0a36931e385366dae5ddd37dd8ac138ddc2aa62bc18 -> kit-source/raw_bodies/2a4ddcaa25b70b3861eaf0a36931e385366dae5ddd37dd8ac138ddc2aa62bc18.js
[2026-10-03T03:09:31Z] HASH-CHAIN new fingerprint 36e515d8a464e182cc9b28fd2b8c28003764ae862797cc7d543c47257027994a co-occurs with 2 known kit domains (3 scans) -> added to fingerprints.txt
[2026-10-03T03:09:31Z] HASH-CHAIN archived source body for 36e515d8a464e182cc9b28fd2b8c28003764ae862797cc7d543c47257027994a -> kit-source/raw_bodies/36e515d8a464e182cc9b28fd2b8c28003764ae862797cc7d543c47257027994a.js
[2026-10-03T03:09:31Z] HASH-CHAIN new fingerprint 3a356f24efc28e544e1a375297fa845c9db8bae1de0beea3fdb4a5075db14c9e co-occurs with 2 known kit domains (3 scans) -> added to fingerprints.txt
[2026-10-03T03:09:31Z] HASH-CHAIN archived source body for 3a356f24efc28e544e1a375297fa845c9db8bae1de0beea3fdb4a5075db14c9e -> kit-source/raw_bodies/3a356f24efc28e544e1a375297fa845c9db8bae1de0beea3fdb4a5075db14c9e.js
[2026-10-03T03:09:31Z] HASH-CHAIN new fingerprint 404807b37066e7fddfe25485604b8ed2d5592a10f4c20c00fc20c24cbeb12cb8 co-occurs with 26 known kit domains (27 scans) -> added to fingerprints.txt
[2026-10-03T03:09:31Z] HASH-CHAIN archived source body for 404807b37066e7fddfe25485604b8ed2d5592a10f4c20c00fc20c24cbeb12cb8 -> kit-source/raw_bodies/404807b37066e7fddfe25485604b8ed2d5592a10f4c20c00fc20c24cbeb12cb8.js
[2026-10-03T03:09:31Z] HASH-CHAIN new fingerprint 68394bc1757e7f0b000909c5104ccfcae3b813b6fee8a08e35bd510c6a03a01a co-occurs with 6 known kit domains (3 scans) -> added to fingerprints.txt
[2026-10-03T03:09:31Z] HASH-CHAIN archived source body for 68394bc1757e7f0b000909c5104ccfcae3b813b6fee8a08e35bd510c6a03a01a -> kit-source/raw_bodies/68394bc1757e7f0b000909c5104ccfcae3b813b6fee8a08e35bd510c6a03a01a.js
[2026-10-03T03:09:31Z] HASH-CHAIN new fingerprint 6a32ee12abd8315df5aeab34a72e3f651f2f9a33292d8df5fea80b27375b867d co-occurs with 2 known kit domains (3 scans) -> added to fingerprints.txt
[2026-10-03T03:09:31Z] HASH-CHAIN archived source body for 6a32ee12abd8315df5aeab34a72e3f651f2f9a33292d8df5fea80b27375b867d -> kit-source/raw_bodies/6a32ee12abd8315df5aeab34a72e3f651f2f9a33292d8df5fea80b27375b867d.js
[2026-10-03T03:09:31Z] HASH-CHAIN new fingerprint 7769ef3f2187838cf08ac32b36f92de9505b18a38cc6a18cb5e96ab1e829da08 co-occurs with 2 known kit domains (3 scans) -> added to fingerprints.txt
[2026-10-03T03:09:31Z] HASH-CHAIN archived source body for 7769ef3f2187838cf08ac32b36f92de9505b18a38cc6a18cb5e96ab1e829da08 -> kit-source/raw_bodies/7769ef3f2187838cf08ac32b36f92de9505b18a38cc6a18cb5e96ab1e829da08.js
[2026-10-03T03:09:31Z] HASH-CHAIN new fingerprint 7dc4ce572df102dfef5e142a66a11cbcc644e555c5af64a2a11060ead0ed689a co-occurs with 20 known kit domains (28 scans) -> added to fingerprints.txt
[2026-10-03T03:09:31Z] HASH-CHAIN new fingerprint 82ad52e16edd2055f61e8534734a8e57abf4d2ef459da071962da7d6315b5a71 co-occurs with 6 known kit domains (3 scans) -> added to fingerprints.txt
[2026-10-03T03:09:31Z] HASH-CHAIN archived source body for 82ad52e16edd2055f61e8534734a8e57abf4d2ef459da071962da7d6315b5a71 -> kit-source/raw_bodies/82ad52e16edd2055f61e8534734a8e57abf4d2ef459da071962da7d6315b5a71.js
[2026-10-03T03:09:31Z] HASH-CHAIN new fingerprint 89edf388fbea0291f0db39c17027526f9e2d22483ebfe2df37cf8233cebfe7b1 co-occurs with 6 known kit domains (3 scans) -> added to fingerprints.txt
[2026-10-03T03:09:31Z] HASH-CHAIN archived source body for 89edf388fbea0291f0db39c17027526f9e2d22483ebfe2df37cf8233cebfe7b1 -> kit-source/raw_bodies/89edf388fbea0291f0db39c17027526f9e2d22483ebfe2df37cf8233cebfe7b1.js
[2026-10-03T03:09:31Z] HASH-CHAIN new fingerprint 9fda853870ebafea132bf5dcb9f761f01d5493d20566f3b5160dc34a55e4adca co-occurs with 17 known kit domains (23 scans) -> added to fingerprints.txt
[2026-10-03T03:09:31Z] HASH-CHAIN new fingerprint abe1c9b154a9ea4cd16ed960f6c1f541c795a06202a3834a59f9d1e23fa64c51 co-occurs with 2 known kit domains (3 scans) -> added to fingerprints.txt
[2026-10-03T03:09:31Z] HASH-CHAIN archived source body for abe1c9b154a9ea4cd16ed960f6c1f541c795a06202a3834a59f9d1e23fa64c51 -> kit-source/raw_bodies/abe1c9b154a9ea4cd16ed960f6c1f541c795a06202a3834a59f9d1e23fa64c51.js
[2026-10-03T03:09:31Z] HASH-CHAIN new fingerprint b3b324a38b2ab2ff6b358adcd6273a23df97d7b443b1036bd5a7d2f83f3e1e06 co-occurs with 6 known kit domains (3 scans) -> added to fingerprints.txt
[2026-10-03T03:09:31Z] HASH-CHAIN archived source body for b3b324a38b2ab2ff6b358adcd6273a23df97d7b443b1036bd5a7d2f83f3e1e06 -> kit-source/raw_bodies/b3b324a38b2ab2ff6b358adcd6273a23df97d7b443b1036bd5a7d2f83f3e1e06.js
[2026-10-03T03:09:31Z] HASH-CHAIN new fingerprint b4158b5b09fd0c75d85f6ddb916dd232d51d0cc087569ed5b7cf45da7edbfbb0 co-occurs with 2 known kit domains (3 scans) -> added to fingerprints.txt
[2026-10-03T03:09:31Z] HASH-CHAIN archived source body for b4158b5b09fd0c75d85f6ddb916dd232d51d0cc087569ed5b7cf45da7edbfbb0 -> kit-source/raw_bodies/b4158b5b09fd0c75d85f6ddb916dd232d51d0cc087569ed5b7cf45da7edbfbb0.js
[2026-10-03T03:09:31Z] HASH-CHAIN new fingerprint b5fdec282829ab6a9093c8fc71252e686de2c89e230efc3fb7c84cdea427c4cb co-occurs with 16 known kit domains (19 scans) -> added to fingerprints.txt
[2026-10-03T03:09:31Z] HASH-CHAIN archived source body for b5fdec282829ab6a9093c8fc71252e686de2c89e230efc3fb7c84cdea427c4cb -> kit-source/raw_bodies/b5fdec282829ab6a9093c8fc71252e686de2c89e230efc3fb7c84cdea427c4cb.js
[2026-10-03T03:09:31Z] HASH-CHAIN new fingerprint c44974f786226283e4ad01e315cd71964d486585d452ea93593c52abf3f585e8 co-occurs with 17 known kit domains (23 scans) -> added to fingerprints.txt
[2026-10-03T03:09:31Z] HASH-CHAIN new fingerprint c7f164f98c2971429803524aba8ca9307430f3b3e1061379c3321e9552e3b038 co-occurs with 7 known kit domains (8 scans) -> added to fingerprints.txt
[2026-10-03T03:09:31Z] HASH-CHAIN archived source body for c7f164f98c2971429803524aba8ca9307430f3b3e1061379c3321e9552e3b038 -> kit-source/raw_bodies/c7f164f98c2971429803524aba8ca9307430f3b3e1061379c3321e9552e3b038.js
[2026-10-03T03:09:31Z] HASH-CHAIN new fingerprint fd1748a96d386578db0d30b92d9aff9b6b9394dc9d60e56d26485ef82ea44363 co-occurs with 16 known kit domains (15 scans) -> added to fingerprints.txt
[2026-10-03T03:09:31Z] HASH-CHAIN archived source body for fd1748a96d386578db0d30b92d9aff9b6b9394dc9d60e56d26485ef82ea44363 -> kit-source/raw_bodies/fd1748a96d386578db0d30b92d9aff9b6b9394dc9d60e56d26485ef82ea44363.js
[2026-10-03T03:09:31Z] HASH-CHAIN new fingerprint 7dc4ce572df102dfef5e142a66a11cbcc644e555c5af64a2a11060ead0ed689a co-occurs with 20 known kit domains (28 scans) -> added to fingerprints.txt
[2026-10-03T03:09:31Z] HASH-CHAIN new fingerprint 9fda853870ebafea132bf5dcb9f761f01d5493d20566f3b5160dc34a55e4adca co-occurs with 17 known kit domains (23 scans) -> added to fingerprints.txt
[2026-10-03T03:09:31Z] HASH-CHAIN new fingerprint c44974f786226283e4ad01e315cd71964d486585d452ea93593c52abf3f585e8 co-occurs with 17 known kit domains (23 scans) -> added to fingerprints.txt
[2026-10-03T03:09:31Z] SCAN-SAVED 0rd56t457543567567567.sbs -> https://urlscan.io/result/01a0ffc5-83df-75ed-8dd4-c92ac43d4506/
[2026-10-03T03:09:31Z] SCAN-SAVED beseif.compra-verif.cfd -> https://urlscan.io/result/01a0ffc5-8ee7-7458-83e2-6618935e0e43/
[2026-10-03T03:09:31Z] SCAN-SAVED blocket.ch-cn-ng28app.com -> https://urlscan.io/result/01a0ffc5-9918-7720-9cf5-0359eced51e6/
[2026-10-03T03:09:31Z] SCAN-SAVED blocket.cn-en-c7app.com -> https://urlscan.io/result/01a0ffc5-a48a-77cd-9fe0-5bc387f0d0b0/
[2026-10-03T03:09:31Z] SCAN-SAVED blocket.frakt-orderhubid94699.eu.cc -> https://urlscan.io/result/01a0ffc5-afd8-73f9-98e1-40f77eac7886/
[2026-10-03T03:09:31Z] SCAN-SAVED blocket.orders-info93657.com -> https://urlscan.io/result/01a0ffc5-bb16-706f-9833-b6bd7fb5f20f/
[2026-10-03T03:09:31Z] SCAN-SAVED ch-cn-ng28app.com -> https://urlscan.io/result/01a0ffc5-c612-7089-b457-05f6a9ce2164/
[2026-10-03T03:09:31Z] SCAN-SAVED cn-en-c7app.com -> https://urlscan.io/result/01a0ffc5-d0e0-764f-bf10-97c7d52af841/
[2026-10-03T03:09:31Z] SCAN-SAVED compra-verif.cfd -> https://urlscan.io/result/01a0ffc5-dc5f-7448-824d-1da7615c1b6c/
[2026-10-03T03:09:31Z] SCAN-SAVED confirmado.cc -> https://urlscan.io/result/01a0ffc5-e77f-718e-9ba8-1e2b3aca35ac/
[2026-10-03T03:09:31Z] SCAN-SAVED conor.gumtree-payment.shop -> https://urlscan.io/result/01a0ffc5-f169-74bc-8286-9a8e7480edea/
[2026-10-03T03:09:31Z] SCAN-SAVED correos.compra-verif.cfd -> https://urlscan.io/result/01a0ffc5-fca2-77b2-96d7-86f7be6efddd/
[2026-10-03T03:09:31Z] SCAN-SAVED cylex-verifbankid.cfd -> https://urlscan.io/result/01a0ffc6-07e3-76fe-8d61-bb0d5d1b6616/
[2026-10-03T03:09:31Z] SCAN-SAVED depop.verification-help.com -> https://urlscan.io/result/01a0ffc6-1306-70cf-80b8-961fd5042dd7/
[2026-10-03T03:09:31Z] SCAN-SAVED dpd-cz.live -> https://urlscan.io/result/01a0ffc6-1ece-748b-833d-0214d57c4351/
[2026-10-03T03:09:31Z] SCAN-SAVED encaiss.top -> https://urlscan.io/result/01a0ffc6-29fc-7031-86e4-2efb27b5e5fb/
[2026-10-03T03:09:31Z] SCAN-SAVED frakt-orderhubid94699.eu.cc -> https://urlscan.io/result/01a0ffc6-351e-7618-97a3-adb5b5b3055b/
[2026-10-03T03:09:31Z] SCAN-SAVED gumtree-payment.shop -> https://urlscan.io/result/01a0ffc6-4061-71ed-b984-c6bc46289648/
[2026-10-03T03:09:31Z] SCAN-SAVED gumtree.order21.shop -> https://urlscan.io/result/01a0ffc6-4bce-73b8-b35d-1bae2de79d7c/
[2026-10-03T03:09:31Z] SCAN-SAVED gumtree.order4851.com -> https://urlscan.io/result/01a0ffc6-5676-745a-8cc7-f811c1df353f/
[2026-10-03T03:09:31Z] SCAN-BACKLOG 44 live host(s) queued for next run (cap 20/run)
[2026-10-03T03:09:31Z] 127 new tier-1 Operator-A indicator(s) this run
[2026-10-03T10:53:59Z] NEW cert  confirmation-order.sbs  [ct-log (apex subdomain)] tier=1 op=A
[2026-10-03T10:53:59Z] NEW cert  frakt-orderhubid94699.eu.cc  [ct-log (apex subdomain)] tier=1 op=A
[2026-10-03T10:53:59Z] NEW cert  order4851.com  [ct-log (apex subdomain)] tier=1 op=A
[2026-10-03T10:53:59Z] NEW cert  pay-service-customer.eu.cc  [ct-log (apex subdomain)] tier=1 op=A
[2026-10-03T10:53:59Z] NEW cert  payprzelew-core1.site  [ct-log (apex subdomain)] tier=1 op=A
[2026-10-03T10:53:59Z] NEW cert  qdscdq.com  [ct-log (apex subdomain)] tier=1 op=A
[2026-10-03T10:53:59Z] NEW domain  0rd56t457543567567567.sbs  [urlscan @172.67.140.163 (apex-context:0rd56t457543567567567.sbs) / AS13335] tier=1 op=A
[2026-10-03T10:53:59Z] NEW domain  beseif.compra-verif.cfd  [urlscan @188.114.96.3 (apex-context:compra-verif.cfd) / AS13335] tier=1 op=A
[2026-10-03T10:53:59Z] NEW domain  ch-cn-ng28app.com  [urlscan @188.114.96.3 (apex-context:ch-cn-ng28app.com) / AS13335] tier=1 op=A
[2026-10-03T10:53:59Z] NEW domain  cn-en-c7app.com  [urlscan @172.67.188.196 (apex-context:cn-en-c7app.com) / AS13335] tier=1 op=A
[2026-10-03T10:53:59Z] NEW domain  confirmado.cc  [urlscan @2a06:98c1:3120::3 (apex-context:confirmado.cc) / AS13335] tier=1 op=A
[2026-10-03T10:53:59Z] NEW domain  correos.compra-verif.cfd  [urlscan @188.114.97.3 (apex-context:compra-verif.cfd) / AS13335] tier=1 op=A
[2026-10-03T10:53:59Z] NEW domain  dfclgzw.com  [urlscan @104.21.94.129 (apex-context:dfclgzw.com) / AS13335] tier=1 op=A
[2026-10-03T10:53:59Z] NEW domain  dpd.poland-corepay1.eu.cc  [urlscan @http://dpd.poland-corepay1.eu.cc/ (apex-context:poland-corepay1.eu.cc) / 01a0d425-72c7-77a6-8d2d-cf46ab54182d] tier=1 op=A
[2026-10-03T10:53:59Z] NEW domain  dub.sh  [urlscan @https://depop.huian189.com/a/di9TcUpBcGRJZUdM (apex-context:huian189.com) / 01a0d74d-9b67-702a-9d20-0ac9e9425676] tier=1 op=A
[2026-10-03T10:53:59Z] NEW domain  frakt-orderhubid94699.eu.cc  [urlscan @188.114.96.3 (apex-context:frakt-orderhubid94699.eu.cc) / AS13335] tier=1 op=A
[2026-10-03T10:53:59Z] NEW domain  gumlree.com  [urlscan @https://smurfysstore.com/l0aa4ma3r (apex-context:smurfysstore.com) / 01a04e51-97cb-7196-9230-1935766aba4b] tier=1 op=A
[2026-10-03T10:53:59Z] NEW domain  gumtree-payment.shop  [urlscan @188.114.96.3 (apex-context:gumtree-payment.shop) / AS13335] tier=1 op=A
[2026-10-03T10:53:59Z] NEW domain  inpost.paczzka4342362.buzz  [urlscan @172.67.140.237 (hash:chained) / AS13335] tier=1 op=A
[2026-10-03T10:53:59Z] NEW domain  inpost.paczzka4342362.sbs  [urlscan @104.21.69.37 (hash:chained) / AS13335] tier=1 op=A
[2026-10-03T10:53:59Z] NEW domain  nfw.cz  [urlscan @https://dfclgzw.com/a/bItn7C3ausd6BP8e (apex-context:dfclgzw.com) / 01a0eb7d-47d1-725e-8d3b-b3de17389567] tier=1 op=A
[2026-10-03T10:53:59Z] NEW domain  paczzka4342362.buzz  [urlscan @172.67.140.237 (hash:chained) / AS13335] tier=1 op=A
[2026-10-03T10:53:59Z] NEW domain  prelo.psd18.com  [urlscan @104.21.25.161 (apex-context:psd18.com) / AS13335] tier=1 op=A
[2026-10-03T10:53:59Z] NEW domain  smurfysstore.com  [urlscan @172.67.164.105 (apex-context:smurfysstore.com) / AS13335] tier=1 op=A
[2026-10-03T10:53:59Z] NEW domain  verif-compr-es.cfd  [urlscan @104.21.88.233 (hash:chained) / AS13335] tier=1 op=A
[2026-10-03T10:53:59Z] NEW domain  verif-compras.online  [urlscan @2a06:98c1:3121::3 (hash:chained) / AS13335] tier=1 op=A
[2026-10-03T10:53:59Z] NEW domain  verification-help.com  [urlscan @172.67.189.245 (hash:chained) / AS13335] tier=1 op=A
[2026-10-03T10:53:59Z] NEW domain  vinted-au-user-verif.pages.dev  [urlscan @https://vinted.uchooo.com/a/di9DN1NwRmhiSk1F (apex-context:uchooo.com) / 01a0adea-8f57-76fe-9726-894a7b788229] tier=1 op=A
[2026-10-03T10:53:59Z] NEW domain  vinted-verify.online  [urlscan @https://gumtree.58stw.com/a/di9IS1U5VTlKRmZ6 (apex-context:58stw.com) / 01a0c779-95cc-7207-a22b-51494ab97dd8] tier=1 op=A
[2026-10-03T10:53:59Z] NEW domain  vinted.58stw.com  [urlscan @104.21.24.224 (apex-context:58stw.com) / AS13335] tier=1 op=A
[2026-10-03T10:53:59Z] NEW domain  vinted.9mwh.com  [urlscan @104.21.45.28 (hash:chained) / AS13335] tier=1 op=A
[2026-10-03T10:53:59Z] NEW domain  website.depop.qdscdq.com  [urlscan @https://website.depop.qdscdq.com/ (apex-context:qdscdq.com) / 01a0e429-e310-77c2-acf1-2a606bf13e8d] tier=1 op=A
[2026-10-03T10:53:59Z] candidate ip  104.21.20.229  [dns (nfw.cz)] tier=2 op=A
[2026-10-03T10:53:59Z] candidate ip  172.67.194.189  [dns (nfw.cz)] tier=2 op=A
[2026-10-03T10:53:59Z] candidate ip  220.15.71.65  [dns (paczzka434236212.shop)] tier=2 op=A
[2026-10-03T10:53:59Z] candidate ip  2606:4700:3030::6815:14e5  [dns (nfw.cz)] tier=2 op=A
[2026-10-03T10:53:59Z] candidate ip  2606:4700:3030::ac43:c2bd  [dns (nfw.cz)] tier=2 op=A
[2026-10-03T10:53:59Z] candidate ip  45.74.137.37  [dns (confirmation-order.sbs)] tier=2 op=A
[2026-10-03T10:53:59Z] candidate ip  64.239.109.1  [dns (dub.sh)] tier=2 op=A
[2026-10-03T10:53:59Z] candidate ip  64.239.109.65  [dns (dub.sh)] tier=2 op=A
[2026-10-03T10:53:59Z] candidate ip  64.239.123.1  [dns (dub.sh)] tier=2 op=A
[2026-10-03T10:53:59Z] HEALTH certspotter=10/132 crtsh=0/3 urlscan=189/189 dns-google=368/368 dns-cf=368/368
[2026-10-03T10:53:59Z] HEALTH-NOTE crtsh degraded (0/3) — CT token/new-apex discovery skipped this run
[2026-10-03T10:53:59Z] AUTO-PROMOTE apex 9mwh.com (kit-fingerprint, op=A) -> now CT/DNS/scan-watched
[2026-10-03T10:53:59Z] AUTO-PROMOTE apex paczzka4342362.buzz (kit-fingerprint, op=A) -> now CT/DNS/scan-watched
[2026-10-03T10:53:59Z] AUTO-PROMOTE apex paczzka4342362.sbs (kit-fingerprint, op=A) -> now CT/DNS/scan-watched
[2026-10-03T10:53:59Z] AUTO-PROMOTE apex verif-compr-es.cfd (kit-fingerprint, op=A) -> now CT/DNS/scan-watched
[2026-10-03T10:53:59Z] AUTO-PROMOTE apex verif-compras.online (kit-fingerprint, op=A) -> now CT/DNS/scan-watched
[2026-10-03T10:53:59Z] AUTO-PROMOTE apex verification-help.com (kit-fingerprint, op=A) -> now CT/DNS/scan-watched
[2026-10-03T10:53:59Z] HASH-CHAIN new fingerprint 50f73fc2fca6b8efb617d8613e5988b78ba91041c968f87cc1dc02a82763c00e co-occurs with 3 known kit domains (2 scans) -> added to fingerprints.txt
[2026-10-03T10:53:59Z] HASH-CHAIN archived source body for 50f73fc2fca6b8efb617d8613e5988b78ba91041c968f87cc1dc02a82763c00e -> kit-source/raw_bodies/50f73fc2fca6b8efb617d8613e5988b78ba91041c968f87cc1dc02a82763c00e.js
[2026-10-03T10:53:59Z] HASH-CHAIN new fingerprint 87743dc278f7042cebf957703ae7e71b376b54572700a998e2cb3539137aa328 co-occurs with 6 known kit domains (4 scans) -> added to fingerprints.txt
[2026-10-03T10:53:59Z] HASH-CHAIN archived source body for 87743dc278f7042cebf957703ae7e71b376b54572700a998e2cb3539137aa328 -> kit-source/raw_bodies/87743dc278f7042cebf957703ae7e71b376b54572700a998e2cb3539137aa328.js
[2026-10-03T10:53:59Z] HASH-CHAIN new fingerprint a7d6704aa536ded7b9dd4fa6bec24eb8aff0728c114e273de92655be78bf3710 co-occurs with 3 known kit domains (2 scans) -> added to fingerprints.txt
[2026-10-03T10:53:59Z] HASH-CHAIN archived source body for a7d6704aa536ded7b9dd4fa6bec24eb8aff0728c114e273de92655be78bf3710 -> kit-source/raw_bodies/a7d6704aa536ded7b9dd4fa6bec24eb8aff0728c114e273de92655be78bf3710.js
[2026-10-03T10:53:59Z] HASH-CHAIN new fingerprint 50f73fc2fca6b8efb617d8613e5988b78ba91041c968f87cc1dc02a82763c00e co-occurs with 3 known kit domains (2 scans) -> added to fingerprints.txt
[2026-10-03T10:53:59Z] HASH-CHAIN new fingerprint 87743dc278f7042cebf957703ae7e71b376b54572700a998e2cb3539137aa328 co-occurs with 6 known kit domains (4 scans) -> added to fingerprints.txt
[2026-10-03T10:53:59Z] HASH-CHAIN new fingerprint a7d6704aa536ded7b9dd4fa6bec24eb8aff0728c114e273de92655be78bf3710 co-occurs with 3 known kit domains (2 scans) -> added to fingerprints.txt
[2026-10-03T10:53:59Z] HASH-CHAIN new fingerprint 87743dc278f7042cebf957703ae7e71b376b54572700a998e2cb3539137aa328 co-occurs with 6 known kit domains (4 scans) -> added to fingerprints.txt
[2026-10-03T10:53:59Z] HASH-CHAIN new fingerprint c947feaccc2e6940ee7e00358ab46ebc5f9f4925af5600961be44e49b9fe6469 co-occurs with 3 known kit domains (2 scans) -> added to fingerprints.txt
[2026-10-03T10:53:59Z] HASH-CHAIN archived source body for c947feaccc2e6940ee7e00358ab46ebc5f9f4925af5600961be44e49b9fe6469 -> kit-source/raw_bodies/c947feaccc2e6940ee7e00358ab46ebc5f9f4925af5600961be44e49b9fe6469.js
[2026-10-03T10:53:59Z] HASH-CHAIN new fingerprint d4784798bf7ea53e968a72e0519716bbb33c9dbff291ca37c0de0d5d877af5d0 co-occurs with 3 known kit domains (2 scans) -> added to fingerprints.txt
[2026-10-03T10:53:59Z] HASH-CHAIN archived source body for d4784798bf7ea53e968a72e0519716bbb33c9dbff291ca37c0de0d5d877af5d0 -> kit-source/raw_bodies/d4784798bf7ea53e968a72e0519716bbb33c9dbff291ca37c0de0d5d877af5d0.js
[2026-10-03T10:53:59Z] SCAN-SAVED confirmation-order.sbs -> https://urlscan.io/result/01a10174-9558-772e-8232-d13a8e04a9ef/
[2026-10-03T10:53:59Z] SCAN-SAVED dub.sh -> https://urlscan.io/result/01a10174-a137-70dc-a870-df15f0da2714/
[2026-10-03T10:53:59Z] SCAN-SAVED invoice-center.info -> https://urlscan.io/result/01a10174-ab69-7231-912a-6422746c7473/
[2026-10-03T10:53:59Z] SCAN-SAVED klelnanzeigen-deutch.verkaufer-auszahlung.com -> https://urlscan.io/result/01a10174-b856-724d-a78e-e7a57a8043cd/
[2026-10-03T10:53:59Z] SCAN-SAVED leboncoin.monrelaisplusin.icu -> https://urlscan.io/result/01a10174-c3ca-77cd-b516-3f3f358261d2/
[2026-10-03T10:53:59Z] SCAN-SAVED lnk.ink -> https://urlscan.io/result/01a10174-cf98-7303-a0ae-aa317fc5fde2/
[2026-10-03T10:53:59Z] SCAN-SAVED marktplaats.verkaufer-auszahlung.com -> https://urlscan.io/result/01a10174-db77-75fc-ac86-486d0a5e60d7/
[2026-10-03T10:53:59Z] SCAN-SAVED milanuncios.compra-verif.cfd -> https://urlscan.io/result/01a10174-e692-7455-bca8-2d65ca5ea7d0/
[2026-10-03T10:53:59Z] SCAN-SAVED milanuncios.confirmado.cc -> https://urlscan.io/result/01a10174-f20a-72cc-963f-eb785990113f/
[2026-10-03T10:53:59Z] SCAN-SAVED monrelaisplusin.icu -> https://urlscan.io/result/01a10174-fefd-7762-8144-336dc65a42be/
[2026-10-03T10:53:59Z] SCAN-SAVED nfw.cz -> https://urlscan.io/result/01a10175-0a4a-73cc-a995-fd182f0adf4a/
[2026-10-03T10:53:59Z] SCAN-SAVED njuskalo.payprotect.shop -> https://urlscan.io/result/01a10175-160c-73db-bc32-eb955d4d8d3f/
[2026-10-03T10:53:59Z] SCAN-SAVED olx-entrega.it.com -> https://urlscan.io/result/01a10175-21d4-70b1-ab78-9bddf5051db8/
[2026-10-03T10:53:59Z] SCAN-SAVED order-detaljer.shop -> https://urlscan.io/result/01a10175-2d0d-7394-88fc-efd21f7dc89b/
[2026-10-03T10:53:59Z] SCAN-SAVED order-info62351.com -> https://urlscan.io/result/01a10175-38f9-77ab-8f91-f9a95c11d8cf/
[2026-10-03T10:53:59Z] SCAN-SAVED order21.shop -> https://urlscan.io/result/01a10175-432f-74bc-8bdf-7e775477cf44/
[2026-10-03T10:53:59Z] SCAN-SAVED order3274.cfd -> https://urlscan.io/result/01a10175-5041-777c-b405-47495ac7ff07/
[2026-10-03T10:53:59Z] SCAN-SAVED order4851.com -> https://urlscan.io/result/01a10175-5c35-76e7-a2e5-f88e8e1a7993/
[2026-10-03T10:53:59Z] SCAN-SAVED orders-info93657.com -> https://urlscan.io/result/01a10175-67bd-774c-be25-c17582ff03df/
[2026-10-03T10:53:59Z] SCAN-SAVED paczzka434236212.shop -> https://urlscan.io/result/01a10175-73b2-7038-9fc5-304f8629df7b/
[2026-10-03T10:53:59Z] SCAN-BACKLOG 29 live host(s) queued for next run (cap 20/run)
[2026-10-03T10:53:59Z] 32 new tier-1 Operator-A indicator(s) this run
[2026-10-03T15:30:08Z] NEW cert  auth-lnfo.com  [ct-log (apex subdomain)] tier=1 op=A
[2026-10-03T15:30:08Z] NEW cert  bekreftoo.com  [ct-log (apex subdomain)] tier=1 op=A
[2026-10-03T15:30:08Z] NEW cert  ch-cn-ng28app.com  [ct-log (apex subdomain)] tier=1 op=A
[2026-10-03T15:30:08Z] NEW cert  order21.shop  [ct-log (apex subdomain)] tier=1 op=A
[2026-10-03T15:30:08Z] NEW cert  osrofoptp.com  [ct-log (apex subdomain)] tier=1 op=A
[2026-10-03T15:30:08Z] NEW cert  payprotect.shop  [ct-log (apex subdomain)] tier=1 op=A
[2026-10-03T15:30:08Z] NEW cert  vintdeactive.com  [ct-log (apex subdomain)] tier=1 op=A
[2026-10-03T15:30:08Z] NEW domain  confirmation-order.sbs  [urlscan @https://confirmation-order.sbs/ (apex-context:confirmation-order.sbs) / 01a10174-9558-772e-8232-d13a8e04a9ef] tier=1 op=A
[2026-10-03T15:30:08Z] NEW domain  milanuncios.compra-verif.cfd  [urlscan @188.114.96.3 (apex-context:compra-verif.cfd) / AS13335] tier=1 op=A
[2026-10-03T15:30:08Z] NEW domain  monrelaisplusin.icu  [urlscan @172.67.180.116 (apex-context:monrelaisplusin.icu) / AS13335] tier=1 op=A
[2026-10-03T15:30:08Z] NEW domain  order21.shop  [urlscan @172.67.179.51 (apex-context:order21.shop) / AS13335] tier=1 op=A
[2026-10-03T15:30:08Z] NEW domain  order3274.cfd  [urlscan @188.114.97.3 (apex-context:order3274.cfd) / AS13335] tier=1 op=A
[2026-10-03T15:30:08Z] NEW domain  paczzka434236212.shop  [urlscan @https://paczzka434236212.shop/ (apex-context:paczzka434236212.shop) / 01a10175-73b2-7038-9fc5-304f8629df7b] tier=1 op=A
[2026-10-03T15:30:08Z] NEW domain  payu-confirmation-pl.fun  [urlscan @188.114.97.3 (hash:next2-chunk-01) / AS13335] tier=1 op=A
[2026-10-03T15:30:08Z] NEW domain  vinted-confirmation-au.pages.dev  [urlscan @https://vinted.9mwh.com/a/di9hdXNnbGs4Mmo1 (apex-context:9mwh.com) / 01a08a6b-d52c-761f-8396-3406f686206b] tier=1 op=A
[2026-10-03T15:30:08Z] NEW domain  vinted-user538813-au.pages.dev  [urlscan @https://vinted.9mwh.com/a/8tlWDvcG2EYsaf4D (apex-context:9mwh.com) / 01a08dac-eb1a-703b-9990-fa28e3e3088a] tier=1 op=A
[2026-10-03T15:30:08Z] NEW domain  vinted-verif6331-au.pages.dev  [urlscan @https://vinted.9mwh.com/a/7qD_Rh5Y1EYVVSHX (apex-context:9mwh.com) / 01a0a144-cb19-7662-8bba-239cd71d0bf5] tier=1 op=A
[2026-10-03T15:30:08Z] NEW domain  vinted-verification97221-au.pages.dev  [urlscan @https://vinted.9mwh.com/a/di9xQ09HSlNUOXVL (apex-context:9mwh.com) / 01a08921-e953-70f9-9be7-b86d762e43bd] tier=1 op=A
[2026-10-03T15:30:08Z] NEW domain  www.9mwh.com  [urlscan @188.114.96.3 (apex-context:9mwh.com) / AS13335] tier=1 op=A
[2026-10-03T15:30:08Z] candidate ip  104.21.0.157  [dns (payu-confirmation-pl.fun)] tier=2 op=A
[2026-10-03T15:30:08Z] candidate ip  172.66.44.174  [dns (vinted-confirmation-au.pages.dev)] tier=2 op=A
[2026-10-03T15:30:08Z] candidate ip  172.66.47.82  [dns (vinted-confirmation-au.pages.dev)] tier=2 op=A
[2026-10-03T15:30:08Z] candidate ip  172.67.151.66  [dns (payu-confirmation-pl.fun)] tier=2 op=A
[2026-10-03T15:30:08Z] candidate ip  2606:4700:3034::6815:9d  [dns (payu-confirmation-pl.fun)] tier=2 op=A
[2026-10-03T15:30:08Z] candidate ip  2606:4700:3034::ac43:9742  [dns (payu-confirmation-pl.fun)] tier=2 op=A
[2026-10-03T15:30:08Z] candidate ip  2606:4700:310c::ac42:2cae  [dns (vinted-confirmation-au.pages.dev)] tier=2 op=A
[2026-10-03T15:30:08Z] candidate ip  2606:4700:310c::ac42:2f52  [dns (vinted-confirmation-au.pages.dev)] tier=2 op=A
[2026-10-03T15:30:08Z] candidate ip  64.239.109.129  [dns (dub.sh)] tier=2 op=A
[2026-10-03T15:30:08Z] candidate ip  64.239.123.129  [dns (dub.sh)] tier=2 op=A
[2026-10-03T15:30:08Z] HEALTH certspotter=11/138 crtsh=1/4 urlscan=204/204 dns-google=380/380 dns-cf=380/380
[2026-10-03T15:30:08Z] AUTO-PROMOTE apex payu-confirmation-pl.fun (kit-fingerprint, op=A) -> now CT/DNS/scan-watched
[2026-10-03T15:30:08Z] SCAN-SAVED paczzkaa763238.click -> https://urlscan.io/result/01a1027c-e543-77af-98e4-bfcf85674c0a/
[2026-10-03T15:30:08Z] SCAN-SAVED paycore-confirmation.lol -> https://urlscan.io/result/01a1027c-efc7-706b-9907-7ba3e91ddc25/
[2026-10-03T15:30:08Z] SCAN-SAVED paycore-confirmation.sbs -> https://urlscan.io/result/01a1027c-fbbd-7289-8964-f5d6d9dc2285/
[2026-10-03T15:30:08Z] SCAN-SAVED paycore-trust-process.cfd -> https://urlscan.io/result/01a1027d-06ab-701f-929d-2be9a402212a/
[2026-10-03T15:30:08Z] SCAN-SAVED payprotect.shop -> https://urlscan.io/result/01a1027d-1190-71b8-881c-6f4e72fb1595/
[2026-10-03T15:30:08Z] SCAN-SAVED payu-confirmation-pl.eu.cc -> https://urlscan.io/result/01a1027d-1d73-76f1-8431-ab9cd99f7cff/
[2026-10-03T15:30:08Z] SCAN-SAVED payu-confirmation-pl.fun -> https://urlscan.io/result/01a1027d-293c-724f-827f-766f14afd761/
[2026-10-03T15:30:08Z] SCAN-SAVED payu-confirmation.shop -> https://urlscan.io/result/01a1027d-3511-722c-8b1d-bc8e5cd0febd/
[2026-10-03T15:30:08Z] SCAN-SAVED przelew-paycore.cyou -> https://urlscan.io/result/01a1027d-4102-741a-9aaf-227dc1269010/
[2026-10-03T15:30:08Z] SCAN-SAVED przelew-paycore.sbs -> https://urlscan.io/result/01a1027d-4b64-71f8-93a1-472439485162/
[2026-10-03T15:30:08Z] SCAN-SAVED przelew-paycore.shop -> https://urlscan.io/result/01a1027d-559f-7741-bb08-734950b3ab42/
[2026-10-03T15:30:08Z] SCAN-SAVED stephanie.gumtree-payment.shop -> https://urlscan.io/result/01a1027d-6188-77a9-a371-caebf7ab3f75/
[2026-10-03T15:30:08Z] SCAN-SAVED veriffy.sbs -> https://urlscan.io/result/01a1027d-6bd7-7365-bf5d-688ae1ae40a7/
[2026-10-03T15:30:08Z] SCAN-SAVED verification-help.com -> https://urlscan.io/result/01a1027d-77a8-731e-9efe-a4fdaa6e88d8/
[2026-10-03T15:30:08Z] SCAN-SAVED verification-page6748.com -> https://urlscan.io/result/01a1027d-83b4-7369-85e1-798273bbf281/
[2026-10-03T15:30:08Z] SCAN-SAVED verification-payment.com -> https://urlscan.io/result/01a1027d-8dc2-7228-b730-71778b6729b3/
[2026-10-03T15:30:08Z] SCAN-SAVED verifiers-online-compras.shop -> https://urlscan.io/result/01a1027d-9993-762b-90c5-576aa12225c9/
[2026-10-03T15:30:08Z] SCAN-SAVED verkaufer-auszahlung.com -> https://urlscan.io/result/01a1027d-a58c-705e-8246-5014d398f7a2/
[2026-10-03T15:30:08Z] SCAN-SAVED vintdeactive.com -> https://urlscan.io/result/01a1027d-b11f-7458-b929-5fd52302ba89/
[2026-10-03T15:30:08Z] SCAN-SAVED vinted-confirmation-au.pages.dev -> https://urlscan.io/result/01a1027d-bddd-707f-85b2-15474327e025/
[2026-10-03T15:30:08Z] SCAN-BACKLOG 11 live host(s) queued for next run (cap 20/run)
[2026-10-03T15:30:08Z] 19 new tier-1 Operator-A indicator(s) this run
[2026-10-03T20:25:03Z] NEW cert  0rd56t457543567567567.sbs  [ct-log (apex subdomain)] tier=1 op=A
[2026-10-03T20:25:03Z] NEW cert  avhenting2909.cc  [ct-log (apex subdomain)] tier=1 op=A
[2026-10-03T20:25:03Z] NEW cert  blocket.order-detaljer.shop  [ct-log (apex subdomain)] tier=1 op=A
[2026-10-03T20:25:03Z] NEW cert  order-detaljer.shop  [ct-log (apex subdomain)] tier=1 op=A
[2026-10-03T20:25:03Z] NEW cert  paycore-confirmation.lol  [ct-log (apex subdomain)] tier=1 op=A
[2026-10-03T20:25:03Z] NEW cert  paycore-confirmation44232.study  [ct-log (apex subdomain)] tier=1 op=A
[2026-10-03T20:25:03Z] NEW cert  payu-confirmation-pl.fun  [ct-log (apex subdomain)] tier=1 op=A
[2026-10-03T20:25:03Z] NEW cert  qas9daj89fhj27252874.sbs  [ct-log (apex subdomain)] tier=1 op=A
[2026-10-03T20:25:03Z] NEW cert  real-compra-verif.world  [ct-log (apex subdomain)] tier=1 op=A
[2026-10-03T20:25:03Z] NEW cert  verif-compr-es.cfd  [ct-log (apex subdomain)] tier=1 op=A
[2026-10-03T20:25:03Z] NEW cert  web.order-detaljer.shop  [ct-log (apex subdomain)] tier=1 op=A
[2026-10-03T20:25:03Z] NEW cert  www.order-detaljer.shop  [ct-log (apex subdomain)] tier=1 op=A
[2026-10-03T20:25:03Z] NEW domain  payprotect.shop  [urlscan @2a06:98c1:3120::3 (apex-context:payprotect.shop) / AS13335] tier=1 op=A
[2026-10-03T20:25:03Z] NEW domain  payu-confirmation-pl.shop  [urlscan @104.21.10.140 (hash:next2-chunk-01) / AS13335] tier=1 op=A
[2026-10-03T20:25:03Z] NEW domain  verkaufer-auszahlung.com  [urlscan @172.67.152.50 (apex-context:verkaufer-auszahlung.com) / AS13335] tier=1 op=A
[2026-10-03T20:25:03Z] candidate ip  104.21.10.140  [dns (payu-confirmation-pl.shop)] tier=2 op=A
[2026-10-03T20:25:03Z] candidate ip  172.67.190.114  [dns (payu-confirmation-pl.shop)] tier=2 op=A
[2026-10-03T20:25:03Z] candidate ip  2606:4700:3030::ac43:be72  [dns (payu-confirmation-pl.shop)] tier=2 op=A
[2026-10-03T20:25:03Z] candidate ip  2606:4700:3035::6815:a8c  [dns (payu-confirmation-pl.shop)] tier=2 op=A
[2026-10-03T20:25:03Z] candidate ip  64.239.123.193  [dns (dub.sh)] tier=2 op=A
[2026-10-03T20:25:03Z] HEALTH certspotter=11/139 crtsh=3/6 urlscan=205/205 dns-google=388/388 dns-cf=388/388
[2026-10-03T20:25:03Z] AUTO-PROMOTE apex payu-confirmation-pl.shop (kit-fingerprint, op=A) -> now CT/DNS/scan-watched
[2026-10-03T20:25:03Z] SCAN-SAVED blocket.order-detaljer.shop -> https://urlscan.io/result/01a10381-41f4-715d-a43e-4fc29911fd2d/
[2026-10-03T20:25:03Z] SCAN-SAVED payu-confirmation-pl.shop -> https://urlscan.io/result/01a10381-4d29-757e-bc0a-51e4826a18d2/
[2026-10-03T20:25:03Z] SCAN-SAVED vinted.0rd56t457543567567567.sbs -> https://urlscan.io/result/01a10381-57be-73d8-ad5c-1b9cddec890a/
[2026-10-03T20:25:03Z] SCAN-SAVED vinted.order3274.cfd -> https://urlscan.io/result/01a10381-6304-733a-a3f4-afffe676f99a/
[2026-10-03T20:25:03Z] SCAN-SAVED vinted.veriffy.sbs -> https://urlscan.io/result/01a10381-6d58-72a4-b77b-b23ddf04a7cb/
[2026-10-03T20:25:03Z] SCAN-SAVED vinted.verification-page6748.com -> https://urlscan.io/result/01a10381-7881-71ea-ba8a-bd7541b0a136/
[2026-10-03T20:25:03Z] SCAN-SAVED vintedverify.my.id -> https://urlscan.io/result/01a10381-8316-717d-8e57-0b3bb0e3fba0/
[2026-10-03T20:25:03Z] SCAN-SAVED vintedverify.web.id -> https://urlscan.io/result/01a10381-8e8e-754f-b3a9-d4c12264f1ea/
[2026-10-03T20:25:03Z] SCAN-SAVED wallapop.compra-verif.cfd -> https://urlscan.io/result/01a10381-99cf-71de-8c59-aa95cb3adc2d/
[2026-10-03T20:25:03Z] SCAN-SAVED wallapop.confirmado.cc -> https://urlscan.io/result/01a10381-a4c9-7578-a245-1420532723ba/
[2026-10-03T20:25:03Z] SCAN-SAVED web.compra-verif.cfd -> https://urlscan.io/result/01a10381-afe3-7669-961d-3e5cbaefe560/
[2026-10-03T20:25:03Z] SCAN-SAVED web.order-detaljer.shop -> https://urlscan.io/result/01a10381-b966-748f-98b3-3c5b11e5d245/
[2026-10-03T20:25:03Z] SCAN-SAVED www.order-detaljer.shop -> https://urlscan.io/result/01a10381-c4a1-7350-914e-23a3b1f50366/
[2026-10-03T20:25:03Z] SCAN-SAVED xzmsffm.com -> https://urlscan.io/result/01a10381-cfb6-75f0-9426-09f68d435a63/
[2026-10-03T20:25:03Z] SCAN-SAVED zzuav.com -> https://urlscan.io/result/01a10381-dbb4-751d-ac63-9e5f7a8de734/
[2026-10-03T20:25:03Z] 15 new tier-1 Operator-A indicator(s) this run
[2026-10-04T03:37:30Z] NEW cert  api-new-uchu.uchooo.com  [ct-log (apex subdomain)] tier=1 op=A
[2026-10-04T03:37:30Z] NEW cert  api-uchu.uchooo.com  [ct-log (apex subdomain)] tier=1 op=A
[2026-10-04T03:37:30Z] NEW cert  cn-en-c7app.com  [ct-log (apex subdomain)] tier=1 op=A
[2026-10-04T03:37:30Z] NEW cert  dfclgzw.com  [ct-log (apex subdomain)] tier=1 op=A
[2026-10-04T03:37:30Z] NEW cert  encaiss.top  [ct-log (apex subdomain)] tier=1 op=A
[2026-10-04T03:37:30Z] NEW cert  m.dfclgzw.com  [ct-log (apex subdomain)] tier=1 op=A
[2026-10-04T03:37:30Z] NEW cert  operation.uchooo.com  [ct-log (apex subdomain)] tier=1 op=A
[2026-10-04T03:37:30Z] NEW cert  psd18.com  [ct-log (apex subdomain)] tier=1 op=A
[2026-10-04T03:37:30Z] NEW cert  test.uchooo.com  [ct-log (apex subdomain)] tier=1 op=A
[2026-10-04T03:37:30Z] NEW cert  uchooo.com  [ct-log (apex subdomain)] tier=1 op=A
[2026-10-04T03:37:30Z] NEW cert  user8396926.me  [ct-log (apex subdomain)] tier=1 op=A
[2026-10-04T03:37:30Z] NEW cert  wap.dfclgzw.com  [ct-log (apex subdomain)] tier=1 op=A
[2026-10-04T03:37:30Z] NEW cert  www.dfclgzw.com  [ct-log (apex subdomain)] tier=1 op=A
[2026-10-04T03:37:30Z] NEW cert  www.uchooo.com  [ct-log (apex subdomain)] tier=1 op=A
[2026-10-04T03:37:30Z] NEW domain  blocket.order-detaljer.shop  [urlscan @https://blocket.order-detaljer.shop/ (apex-context:order-detaljer.shop) / 01a10381-41f4-715d-a43e-4fc29911fd2d] tier=1 op=A
[2026-10-04T03:37:30Z] NEW domain  wallapop.compra-verif.cfd  [urlscan @188.114.97.3 (apex-context:compra-verif.cfd) / AS13335] tier=1 op=A
[2026-10-04T03:37:30Z] NEW domain  web.compra-verif.cfd  [urlscan @104.21.42.137 (apex-context:compra-verif.cfd) / AS13335] tier=1 op=A
[2026-10-04T03:37:30Z] NEW domain  web.order-detaljer.shop  [urlscan @https://web.order-detaljer.shop/ (apex-context:order-detaljer.shop) / 01a10381-b966-748f-98b3-3c5b11e5d245] tier=1 op=A
[2026-10-04T03:37:30Z] NEW domain  www.order-detaljer.shop  [urlscan @https://www.order-detaljer.shop/ (apex-context:order-detaljer.shop) / 01a10381-c4a1-7350-914e-23a3b1f50366] tier=1 op=A
[2026-10-04T03:37:30Z] candidate ip  64.239.109.193  [dns (dub.sh)] tier=2 op=A
[2026-10-04T03:37:30Z] candidate ip  64.239.123.65  [dns (dub.sh)] tier=2 op=A
[2026-10-04T03:37:30Z] HEALTH certspotter=11/140 crtsh=7/10 urlscan=206/206 dns-google=404/404 dns-cf=404/404
[2026-10-04T03:37:30Z] 19 new tier-1 Operator-A indicator(s) this run
[2026-10-04T11:35:50Z] NEW cert  negabarit.sbs  [ct-log (apex subdomain)] tier=1 op=A
[2026-10-04T11:35:50Z] NEW cert  paycore-confirmation.sbs  [ct-log (apex subdomain)] tier=1 op=A
[2026-10-04T11:35:50Z] NEW cert  paycore-confirmation44232.lol  [ct-log (apex subdomain)] tier=1 op=A
[2026-10-04T11:35:50Z] NEW cert  vintedverify.web.id  [ct-log (apex subdomain)] tier=1 op=A
[2026-10-04T11:35:50Z] HEALTH certspotter=10/140 crtsh=0/3 urlscan=206/206 dns-google=404/404 dns-cf=404/404
[2026-10-04T11:35:50Z] HEALTH-NOTE crtsh degraded (0/3) — CT token/new-apex discovery skipped this run
[2026-10-04T11:35:50Z] 4 new tier-1 Operator-A indicator(s) this run
[2026-10-04T16:14:08Z] NEW cert  paczzka4342362.buzz  [ct-log (apex subdomain)] tier=1 op=A
[2026-10-04T16:14:08Z] NEW cert  verification-help.com  [ct-log (apex subdomain)] tier=1 op=A
[2026-10-04T16:14:08Z] NEW cert  verkaufer-auszahlung.com  [ct-log (apex subdomain)] tier=1 op=A
[2026-10-04T16:14:08Z] NEW domain  olx.payu-confirmation.shop  [urlscan @104.21.27.2 (apex-context:payu-confirmation.shop) / AS13335] tier=1 op=A
[2026-10-04T16:14:08Z] HEALTH certspotter=10/140 crtsh=0/3 urlscan=206/206 dns-google=406/406 dns-cf=406/406
[2026-10-04T16:14:08Z] HEALTH-NOTE crtsh degraded (0/3) — CT token/new-apex discovery skipped this run
[2026-10-04T16:14:08Z] SCAN-SAVED olx.payu-confirmation.shop -> https://urlscan.io/result/01a107c6-e49d-72db-b24b-07c9c52f7125/
[2026-10-04T16:14:08Z] 4 new tier-1 Operator-A indicator(s) this run
[2026-10-04T20:43:13Z] NEW cert  order3274.cfd  [ct-log (apex subdomain)] tier=1 op=A
[2026-10-04T20:43:13Z] NEW cert  verif-compras.online  [ct-log (apex subdomain)] tier=1 op=A
[2026-10-04T20:43:13Z] NEW cert  verification-page6748.com  [ct-log (apex subdomain)] tier=1 op=A
[2026-10-04T20:43:13Z] NEW cert  zzuav.com  [ct-log (apex subdomain)] tier=1 op=A
[2026-10-04T20:43:13Z] HEALTH certspotter=10/140 crtsh=1/4 urlscan=206/206 dns-google=406/406 dns-cf=406/406
[2026-10-04T20:43:13Z] 4 new tier-1 Operator-A indicator(s) this run
[2026-10-05T03:20:16Z] NEW cert  9mwh.com  [ct-log (apex subdomain)] tier=1 op=A
[2026-10-05T03:20:16Z] NEW cert  action-paycore-pl.shop  [ct-log (apex subdomain)] tier=1 op=A
[2026-10-05T03:20:16Z] NEW cert  checkn-auth.com  [ct-log (apex subdomain)] tier=1 op=A
[2026-10-05T03:20:16Z] NEW cert  confirmation-order-payu.cfd  [ct-log (apex subdomain)] tier=1 op=A
[2026-10-05T03:20:16Z] NEW cert  info-auth.com  [ct-log (apex subdomain)] tier=1 op=A
[2026-10-05T03:20:16Z] NEW cert  m.psd18.com  [ct-log (apex subdomain)] tier=1 op=A
[2026-10-05T03:20:16Z] NEW cert  olx-entrega.it.com  [ct-log (apex subdomain)] tier=1 op=A
[2026-10-05T03:20:16Z] NEW cert  order-id8219.shop  [ct-log (apex subdomain)] tier=1 op=A
[2026-10-05T03:20:16Z] NEW cert  paczzka4342362.sbs  [ct-log (apex subdomain)] tier=1 op=A
[2026-10-05T03:20:16Z] NEW cert  paycore-confirmation.biz.id  [ct-log (apex subdomain)] tier=1 op=A
[2026-10-05T03:20:16Z] NEW cert  paycore-confirmation.shop  [ct-log (apex subdomain)] tier=1 op=A
[2026-10-05T03:20:16Z] NEW cert  przelew-paycore.sbs  [ct-log (apex subdomain)] tier=1 op=A
[2026-10-05T03:20:16Z] NEW cert  smurfysstore.com  [ct-log (apex subdomain)] tier=1 op=A
[2026-10-05T03:20:16Z] NEW cert  verifiers-online-compras.shop  [ct-log (apex subdomain)] tier=1 op=A
[2026-10-05T03:20:16Z] NEW cert  wfscgj.com  [ct-log (apex subdomain)] tier=1 op=A
[2026-10-05T03:20:16Z] NEW cert  www.psd18.com  [ct-log (apex subdomain)] tier=1 op=A
[2026-10-05T03:20:16Z] HEALTH certspotter=12/140 crtsh=50/54 urlscan=206/206 dns-google=410/410 dns-cf=410/410
[2026-10-05T03:20:16Z] 16 new tier-1 Operator-A indicator(s) this run
[2026-10-05T13:11:03Z] NEW cert  c0mpra-verify.help  [ct-log (apex subdomain)] tier=1 op=A
[2026-10-05T13:11:03Z] NEW cert  order-info62351.com  [ct-log (apex subdomain)] tier=1 op=A
[2026-10-05T13:11:03Z] NEW cert  paycore-confirmation44232.beer  [ct-log (apex subdomain)] tier=1 op=A
[2026-10-05T13:11:03Z] NEW cert  payu-confirmation-pl.eu.cc  [ct-log (apex subdomain)] tier=1 op=A
[2026-10-05T13:11:03Z] NEW cert  payu-confirmation.shop  [ct-log (apex subdomain)] tier=1 op=A
[2026-10-05T13:11:03Z] NEW domain  g-starsoftwareapi.sbs  [urlscan @188.114.96.3 (hash:next2-chunk-01) / AS13335] tier=1 op=A
[2026-10-05T13:11:03Z] candidate ip  104.21.18.16  [dns (g-starsoftwareapi.sbs)] tier=2 op=A
[2026-10-05T13:11:03Z] candidate ip  172.67.179.149  [dns (g-starsoftwareapi.sbs)] tier=2 op=A
[2026-10-05T13:11:03Z] candidate ip  2606:4700:3034::6815:1210  [dns (g-starsoftwareapi.sbs)] tier=2 op=A
[2026-10-05T13:11:03Z] candidate ip  2606:4700:3037::ac43:b395  [dns (g-starsoftwareapi.sbs)] tier=2 op=A
[2026-10-05T13:11:03Z] HEALTH certspotter=10/140 crtsh=0/3 urlscan=206/206 dns-google=270/270 dns-cf=270/270
[2026-10-05T13:11:03Z] HEALTH-NOTE crtsh degraded (0/3) — CT token/new-apex discovery skipped this run
[2026-10-05T13:11:03Z] AUTO-PROMOTE apex g-starsoftwareapi.sbs (kit-fingerprint, op=A) -> now CT/DNS/scan-watched
[2026-10-05T13:11:03Z] SCAN-SAVED g-starsoftwareapi.sbs -> https://urlscan.io/result/01a10c3b-1cc5-726b-af95-0bfa3b3717e2/
[2026-10-05T13:11:03Z] 6 new tier-1 Operator-A indicator(s) this run
[2026-10-06T04:07:27Z] NEW cert  cylex-verifbankid.cfd  [ct-log (apex subdomain)] tier=1 op=A
[2026-10-06T04:07:27Z] NEW cert  g-starsoftwareapi.sbs  [ct-log (apex subdomain)] tier=1 op=A
[2026-10-06T04:07:27Z] NEW domain  payu-nitro-pl.shop  [urlscan @104.21.93.156 (hash:next2-chunk-01) / AS13335] tier=1 op=A
[2026-10-06T04:07:27Z] candidate ip  104.21.93.156  [dns (payu-nitro-pl.shop)] tier=2 op=A
[2026-10-06T04:07:27Z] candidate ip  151.243.18.165  [dns (beseif.compra-verif.cfd)] tier=2 op=A
[2026-10-06T04:07:27Z] candidate ip  172.67.211.184  [dns (payu-nitro-pl.shop)] tier=2 op=A
[2026-10-06T04:07:27Z] candidate ip  2606:4700:3037::6815:5d9c  [dns (payu-nitro-pl.shop)] tier=2 op=A
[2026-10-06T04:07:27Z] candidate ip  2606:4700:3037::ac43:d3b8  [dns (payu-nitro-pl.shop)] tier=2 op=A
[2026-10-06T04:07:27Z] candidate ip  87.58.206.103  [dns (encaiss.top)] tier=2 op=A
[2026-10-06T04:07:27Z] HEALTH certspotter=10/47 crtsh=0/3 urlscan=207/207 dns-google=202/202 dns-cf=202/202
[2026-10-06T04:07:27Z] HEALTH-NOTE crtsh degraded (0/3) — CT token/new-apex discovery skipped this run
[2026-10-06T04:07:27Z] AUTO-PROMOTE apex payu-nitro-pl.shop (kit-fingerprint, op=A) -> now CT/DNS/scan-watched
[2026-10-06T04:07:27Z] SCAN-SAVED payu-nitro-pl.shop -> https://urlscan.io/result/01a10f6f-3e3a-73fc-b49d-3b158bf0975b/
[2026-10-06T04:07:27Z] 3 new tier-1 Operator-A indicator(s) this run
[2026-10-06T12:31:02Z] NEW cert  orders-info93657.com  [ct-log (apex subdomain)] tier=1 op=A
[2026-10-06T12:31:02Z] NEW cert  payu-confirmation-pl.shop  [ct-log (apex subdomain)] tier=1 op=A
[2026-10-06T12:31:02Z] HEALTH certspotter=10/45 crtsh=0/3 urlscan=208/208 dns-google=186/186 dns-cf=186/186
[2026-10-06T12:31:02Z] HEALTH-NOTE crtsh degraded (0/3) — CT token/new-apex discovery skipped this run
[2026-10-06T12:31:02Z] 2 new tier-1 Operator-A indicator(s) this run
[2026-10-06T22:04:27Z] NEW cert  verification-payment.com  [ct-log (apex subdomain)] tier=1 op=A
[2026-10-06T22:04:27Z] NEW domain  olx.payu-nitro-pl.eu.cc  [urlscan @172.67.195.155 (hash:next2-chunk-01) / AS13335] tier=1 op=A
[2026-10-06T22:04:27Z] HEALTH certspotter=10/45 crtsh=2/6 urlscan=208/208 dns-google=188/188 dns-cf=188/188
[2026-10-06T22:04:27Z] AUTO-PROMOTE apex payu-nitro-pl.eu.cc (kit-fingerprint, op=A) -> now CT/DNS/scan-watched
[2026-10-06T22:04:27Z] 2 new tier-1 Operator-A indicator(s) this run
[2026-10-07T03:34:54Z] candidate cert  payu-nitro-pl.eu.cc  [ct-log (apex subdomain — not live on Cloudflare)] tier=2 op=A
[2026-10-07T03:34:54Z] NEW cert  vintedverify.my.id  [ct-log (apex subdomain)] tier=1 op=A
[2026-10-07T03:34:54Z] candidate ip  195.46.17.204  [dns (visa-order.help)] tier=2 op=A
[2026-10-07T03:34:54Z] HEALTH certspotter=10/136 crtsh=0/3 urlscan=209/209 dns-google=520/520 dns-cf=520/520
[2026-10-07T03:34:54Z] HEALTH-NOTE crtsh degraded (0/3) — CT token/new-apex discovery skipped this run
[2026-10-07T03:34:54Z] SCAN-SAVED visa-order.help -> https://urlscan.io/result/01a1147a-12f7-714e-af31-c9b26ecfb3c2/
[2026-10-07T03:34:54Z] REVIVED-NONCF visa-order.help -> 195.46.17.204 (dead host re-pointed to a non-CF IP; logged only, not alerted — this exact pattern caused the 2026-09-10 incident)
[2026-10-07T03:34:54Z] 1 new tier-1 Operator-A indicator(s) this run
[2026-10-07T12:24:07Z] NEW cert  invoice-center.info  [ct-log (apex subdomain)] tier=1 op=A
[2026-10-07T12:24:07Z] candidate cert  przelew-paycore.cyou  [ct-log (apex subdomain — not live on Cloudflare)] tier=2 op=A
[2026-10-07T12:24:07Z] NEW cert  veriffy.sbs  [ct-log (apex subdomain)] tier=1 op=A
[2026-10-07T12:24:07Z] HEALTH certspotter=10/48 crtsh=0/3 urlscan=209/209 dns-google=184/184 dns-cf=184/184
[2026-10-07T12:24:07Z] HEALTH-NOTE crtsh degraded (0/3) — CT token/new-apex discovery skipped this run
[2026-10-07T12:24:07Z] 2 new tier-1 Operator-A indicator(s) this run
[2026-10-07T22:28:58Z] NEW cert  paczzkaa763238.click  [ct-log (apex subdomain)] tier=1 op=A
[2026-10-07T22:28:58Z] HEALTH certspotter=10/45 crtsh=2/6 urlscan=209/209 dns-google=168/168 dns-cf=168/168
[2026-10-07T22:28:58Z] 1 new tier-1 Operator-A indicator(s) this run
[2026-10-08T03:49:23Z] candidate cert  xzmsffm.com  [ct-log (apex subdomain — not live on Cloudflare)] tier=2 op=A
[2026-10-08T03:49:23Z] candidate ip  93.152.220.112  [dns (0rd56t457543567567567.sbs)] tier=2 op=A
[2026-10-08T03:49:23Z] HEALTH certspotter=10/45 crtsh=0/3 urlscan=209/209 dns-google=186/186 dns-cf=186/186
[2026-10-08T03:49:23Z] HEALTH-NOTE crtsh degraded (0/3) — CT token/new-apex discovery skipped this run
[2026-10-08T03:49:23Z] no new tier-1 Operator-A indicators
[2026-10-08T12:33:38Z] NEW cert  confirmado.cc  [ct-log (apex subdomain)] tier=1 op=A
[2026-10-08T12:33:38Z] candidate cert  visa-order.help  [ct-log (apex subdomain — not live on Cloudflare)] tier=2 op=A
[2026-10-08T12:33:38Z] candidate ip  15.52.139.56  [dns (action-paycore-pl.shop)] tier=2 op=A
[2026-10-08T12:33:38Z] candidate ip  211.29.122.90  [dns (negabarit.sbs)] tier=2 op=A
[2026-10-08T12:33:38Z] candidate ip  54.44.64.67  [dns (przelew-pl.shop)] tier=2 op=A
[2026-10-08T12:33:38Z] candidate ip  8.8.8.8  [dns (inpost.pay-flow.cfd)] tier=2 op=A
[2026-10-08T12:33:38Z] HEALTH certspotter=10/135 crtsh=0/3 urlscan=209/209 dns-google=512/512 dns-cf=512/512
[2026-10-08T12:33:38Z] HEALTH-NOTE crtsh degraded (0/3) — CT token/new-apex discovery skipped this run
[2026-10-08T12:33:38Z] SCAN-SAVED action-paycore-pl.shop -> https://urlscan.io/result/01a11b8e-50ca-742c-8709-0a66d0f654f4/
[2026-10-08T12:33:38Z] SCAN-SAVED negabarit.sbs -> https://urlscan.io/result/01a11b8e-65ca-7003-9b2c-8f349f3a9d8c/
[2026-10-08T12:33:38Z] SCAN-SAVED przelew-pl.shop -> https://urlscan.io/result/01a11b8e-7244-70bf-9f44-130a0c6e6b56/
[2026-10-08T12:33:38Z] SCAN-BACKLOG 1 live host(s) queued for next run (cap 20/run)
[2026-10-08T12:33:38Z] REVIVED-NONCF inpost.pay-flow.cfd -> 8.8.8.8 (dead host re-pointed to a non-CF IP; logged only, not alerted — this exact pattern caused the 2026-09-10 incident)
[2026-10-08T12:33:38Z] REVIVED-NONCF pay-flow.cfd -> 8.8.8.8 (dead host re-pointed to a non-CF IP; logged only, not alerted — this exact pattern caused the 2026-09-10 incident)
[2026-10-08T12:33:38Z] REVIVED-NONCF negabarit.sbs -> 211.29.122.90 (dead host re-pointed to a non-CF IP; logged only, not alerted — this exact pattern caused the 2026-09-10 incident)
[2026-10-08T12:33:38Z] REVIVED-NONCF action-paycore-pl.shop -> 15.52.139.56 (dead host re-pointed to a non-CF IP; logged only, not alerted — this exact pattern caused the 2026-09-10 incident)
[2026-10-08T12:33:38Z] REVIVED-NONCF przelew-pl.shop -> 54.44.64.67 (dead host re-pointed to a non-CF IP; logged only, not alerted — this exact pattern caused the 2026-09-10 incident)
[2026-10-08T12:33:38Z] 1 new tier-1 Operator-A indicator(s) this run
[2026-10-08T22:42:04Z] candidate cert  przelew-pl.shop  [ct-log (apex subdomain — not live on Cloudflare)] tier=2 op=A
[2026-10-08T22:42:04Z] NEW domain  przelew-pl.shop  [urlscan @https://przelew-pl.shop/ (apex-context:przelew-pl.shop) / 01a11b8e-7244-70bf-9f44-130a0c6e6b56] tier=1 op=A
[2026-10-08T22:42:04Z] HEALTH certspotter=10/49 crtsh=1/4 urlscan=209/209 dns-google=178/178 dns-cf=178/178
[2026-10-08T22:42:04Z] SCAN-BACKLOG 1 live host(s) queued for next run (cap 20/run)
[2026-10-08T22:42:04Z] 1 new tier-1 Operator-A indicator(s) this run
[2026-10-09T03:54:32Z] candidate cert  monrelaisplusin.icu  [ct-log (apex subdomain — not live on Cloudflare)] tier=2 op=A
[2026-10-09T03:54:32Z] candidate cert  payu-nitro-pl.shop  [ct-log (apex subdomain — not live on Cloudflare)] tier=2 op=A
[2026-10-09T03:54:32Z] HEALTH certspotter=11/45 crtsh=14/21 urlscan=209/209 dns-google=162/162 dns-cf=162/162
[2026-10-09T03:54:32Z] SCAN-BACKLOG 1 live host(s) queued for next run (cap 20/run)
[2026-10-09T03:54:32Z] no new tier-1 Operator-A indicators
[2026-10-09T12:21:33Z] NEW domain  dailyrss-website.versec.workers.dev  [urlscan @188.114.97.1 (urlscan-kit(us=)) / AS13335] tier=1 op=A
[2026-10-09T12:21:33Z] candidate ip  104.21.58.171  [dns (dailyrss-website.versec.workers.dev)] tier=2 op=A
[2026-10-09T12:21:33Z] candidate ip  172.67.162.78  [dns (dailyrss-website.versec.workers.dev)] tier=2 op=A
[2026-10-09T12:21:33Z] candidate ip  2606:4700:3035::6815:3aab  [dns (dailyrss-website.versec.workers.dev)] tier=2 op=A
[2026-10-09T12:21:33Z] candidate ip  2606:4700:3035::ac43:a24e  [dns (dailyrss-website.versec.workers.dev)] tier=2 op=A
[2026-10-09T12:21:33Z] HEALTH certspotter=10/45 crtsh=0/3 urlscan=209/209 dns-google=186/186 dns-cf=186/186
[2026-10-09T12:21:33Z] HEALTH-NOTE crtsh degraded (0/3) — CT token/new-apex discovery skipped this run
[2026-10-09T12:21:33Z] AUTO-PROMOTE apex versec.workers.dev (kit-fingerprint, op=A) -> now CT/DNS/scan-watched
[2026-10-09T12:21:33Z] SCAN-SAVED dailyrss-website.versec.workers.dev -> https://urlscan.io/result/01a120a4-30c6-77dd-9020-b91637b06a59/
[2026-10-09T12:21:33Z] 1 new tier-1 Operator-A indicator(s) this run
[2026-10-09T22:04:12Z] NEW domain  leakcheckerweb.versec.workers.dev  [urlscan @188.114.96.3 (apex-context:versec.workers.dev) / AS13335] tier=1 op=A
[2026-10-09T22:04:12Z] candidate ip  224.0.33.211  [dns (qas9daj89fhj27252874.sbs)] tier=2 op=A
[2026-10-09T22:04:12Z] candidate ip  66.14.163.53  [dns (c0mpra-verify.help)] tier=2 op=A
[2026-10-09T22:04:12Z] HEALTH certspotter=10/133 crtsh=2/5 urlscan=210/210 dns-google=510/510 dns-cf=510/510
[2026-10-09T22:04:12Z] HASH-CHAIN new fingerprint 1690099f7b8508b67a977550228e60227381373414fe6667fae620da493d4478 co-occurs with 7 known kit domains (6 scans) -> added to fingerprints.txt
[2026-10-09T22:04:12Z] HASH-CHAIN archived source body for 1690099f7b8508b67a977550228e60227381373414fe6667fae620da493d4478 -> kit-source/raw_bodies/1690099f7b8508b67a977550228e60227381373414fe6667fae620da493d4478.js
[2026-10-09T22:04:12Z] HASH-CHAIN new fingerprint 7da8719e2f95f1d693ee15499e5625d40a38b58a3f2707cd02d5de8378ae3d92 co-occurs with 7 known kit domains (6 scans) -> added to fingerprints.txt
[2026-10-09T22:04:12Z] HASH-CHAIN archived source body for 7da8719e2f95f1d693ee15499e5625d40a38b58a3f2707cd02d5de8378ae3d92 -> kit-source/raw_bodies/7da8719e2f95f1d693ee15499e5625d40a38b58a3f2707cd02d5de8378ae3d92.js
[2026-10-09T22:04:12Z] HASH-CHAIN new fingerprint e055ea632522572b1e724ff8a4aebf396e03a86ee474a08219ebd6407f58ebea co-occurs with 7 known kit domains (6 scans) -> added to fingerprints.txt
[2026-10-09T22:04:12Z] HASH-CHAIN archived source body for e055ea632522572b1e724ff8a4aebf396e03a86ee474a08219ebd6407f58ebea -> kit-source/raw_bodies/e055ea632522572b1e724ff8a4aebf396e03a86ee474a08219ebd6407f58ebea.js
[2026-10-09T22:04:12Z] HASH-CHAIN new fingerprint ee0990a33c6a076d13a64b9d8a35e965065c0331bb4f72b81d89cdfd1bceb52e co-occurs with 7 known kit domains (6 scans) -> added to fingerprints.txt
[2026-10-09T22:04:12Z] HASH-CHAIN archived source body for ee0990a33c6a076d13a64b9d8a35e965065c0331bb4f72b81d89cdfd1bceb52e -> kit-source/raw_bodies/ee0990a33c6a076d13a64b9d8a35e965065c0331bb4f72b81d89cdfd1bceb52e.js
[2026-10-09T22:04:12Z] SCAN-SAVED c0mpra-verify.help -> https://urlscan.io/result/01a122be-6591-7565-af12-91e50e9cc98c/
[2026-10-09T22:04:12Z] SCAN-SAVED inpost.pay-flow.cfd -> https://urlscan.io/result/01a122be-6fa1-7557-89da-4d88d5a32bef/
[2026-10-09T22:04:12Z] SCAN-SAVED leakcheckerweb.versec.workers.dev -> https://urlscan.io/result/01a122be-7981-716a-b455-db9e2b200730/
[2026-10-09T22:04:12Z] SCAN-SAVED qas9daj89fhj27252874.sbs -> https://urlscan.io/result/01a122be-84ad-7280-9138-dbff248e1e72/
[2026-10-09T22:04:12Z] REVIVED-NONCF c0mpra-verify.help -> 66.14.163.53 (dead host re-pointed to a non-CF IP; logged only, not alerted — this exact pattern caused the 2026-09-10 incident)
[2026-10-09T22:04:12Z] REVIVED-NONCF qas9daj89fhj27252874.sbs -> 224.0.33.211 (dead host re-pointed to a non-CF IP; logged only, not alerted — this exact pattern caused the 2026-09-10 incident)
[2026-10-09T22:04:12Z] 1 new tier-1 Operator-A indicator(s) this run
[2026-10-10T03:38:57Z] NEW cert  1000-errors.versec.workers.dev  [ct-log (apex subdomain)] tier=1 op=A
[2026-10-10T03:38:57Z] NEW cert  403-forbidden.versec.workers.dev  [ct-log (apex subdomain)] tier=1 op=A
[2026-10-10T03:38:57Z] NEW cert  adult-questionnaire.versec.workers.dev  [ct-log (apex subdomain)] tier=1 op=A
[2026-10-10T03:38:57Z] NEW cert  api-nonproduction.versec.workers.dev  [ct-log (apex subdomain)] tier=1 op=A
[2026-10-10T03:38:57Z] NEW cert  assistant.versec.workers.dev  [ct-log (apex subdomain)] tier=1 op=A
[2026-10-10T03:38:57Z] NEW cert  breach-monitoring.versec.workers.dev  [ct-log (apex subdomain)] tier=1 op=A
[2026-10-10T03:38:57Z] NEW cert  dailyrss-website.versec.workers.dev  [ct-log (apex subdomain)] tier=1 op=A
[2026-10-10T03:38:57Z] NEW cert  dailyrsswithemail.versec.workers.dev  [ct-log (apex subdomain)] tier=1 op=A
[2026-10-10T03:38:57Z] NEW cert  defanger.versec.workers.dev  [ct-log (apex subdomain)] tier=1 op=A
[2026-10-10T03:38:57Z] NEW cert  hello-world-flat-sky-1b66.versec.workers.dev  [ct-log (apex subdomain)] tier=1 op=A
[2026-10-10T03:38:57Z] NEW cert  leakcheckerweb.versec.workers.dev  [ct-log (apex subdomain)] tier=1 op=A
[2026-10-10T03:38:57Z] NEW cert  limacharlie.versec.workers.dev  [ct-log (apex subdomain)] tier=1 op=A
[2026-10-10T03:38:57Z] NEW cert  lucky-mud-a315.versec.workers.dev  [ct-log (apex subdomain)] tier=1 op=A
[2026-10-10T03:38:57Z] NEW cert  managed-challenge.versec.workers.dev  [ct-log (apex subdomain)] tier=1 op=A
[2026-10-10T03:38:57Z] NEW cert  managed-challengez.versec.workers.dev  [ct-log (apex subdomain)] tier=1 op=A
[2026-10-10T03:38:57Z] NEW cert  o1thinker.versec.workers.dev  [ct-log (apex subdomain)] tier=1 op=A
[2026-10-10T03:38:57Z] NEW cert  plex-list-rss.versec.workers.dev  [ct-log (apex subdomain)] tier=1 op=A
[2026-10-10T03:38:57Z] NEW cert  przelew-paycore.shop  [ct-log (apex subdomain)] tier=1 op=A
[2026-10-10T03:38:57Z] NEW cert  ransom-monitor.versec.workers.dev  [ct-log (apex subdomain)] tier=1 op=A
[2026-10-10T03:38:57Z] NEW cert  smss.versec.workers.dev  [ct-log (apex subdomain)] tier=1 op=A
[2026-10-10T03:38:57Z] NEW cert  testing-worker-non-production.versec.workers.dev  [ct-log (apex subdomain)] tier=1 op=A
[2026-10-10T03:38:57Z] NEW cert  tickets.versec.workers.dev  [ct-log (apex subdomain)] tier=1 op=A
[2026-10-10T03:38:57Z] candidate cert  versec.workers.dev  [ct-log (apex subdomain — not live on Cloudflare)] tier=2 op=A
[2026-10-10T03:38:57Z] NEW cert  weather-croydon.versec.workers.dev  [ct-log (apex subdomain)] tier=1 op=A
[2026-10-10T03:38:57Z] NEW cert  weather-test-clicksend.versec.workers.dev  [ct-log (apex subdomain)] tier=1 op=A
[2026-10-10T03:38:57Z] NEW cert  worker-calm-disk-b393.versec.workers.dev  [ct-log (apex subdomain)] tier=1 op=A
[2026-10-10T03:38:57Z] NEW cert  worker-proud-rice-41eb.versec.workers.dev  [ct-log (apex subdomain)] tier=1 op=A
[2026-10-10T03:38:57Z] NEW cert  worker-tight-sun-5332.versec.workers.dev  [ct-log (apex subdomain)] tier=1 op=A
[2026-10-10T03:38:57Z] NEW cert  www.payprotect.shop  [ct-log (apex subdomain)] tier=1 op=A
[2026-10-10T03:38:57Z] NEW domain  qas9daj89fhj27252874.sbs  [urlscan @https://qas9daj89fhj27252874.sbs/ (apex-context:qas9daj89fhj27252874.sbs) / 01a122be-84ad-7280-9138-dbff248e1e72] tier=1 op=A
[2026-10-10T03:38:57Z] HEALTH certspotter=11/50 crtsh=65/70 urlscan=214/214 dns-google=232/232 dns-cf=232/232
[2026-10-10T03:38:57Z] SCAN-SAVED 1000-errors.versec.workers.dev -> https://urlscan.io/result/01a123f8-51b5-70bc-a331-92a4c4155aa1/
[2026-10-10T03:38:57Z] SCAN-SAVED 403-forbidden.versec.workers.dev -> https://urlscan.io/result/01a123f8-5ce2-7207-9db7-f4c44c861362/
[2026-10-10T03:38:57Z] SCAN-SAVED adult-questionnaire.versec.workers.dev -> https://urlscan.io/result/01a123f8-6823-72a8-a812-edcb392a8c24/
[2026-10-10T03:38:57Z] SCAN-SAVED api-nonproduction.versec.workers.dev -> https://urlscan.io/result/01a123f8-7344-73f5-b640-c69f617cbf37/
[2026-10-10T03:38:57Z] SCAN-SAVED assistant.versec.workers.dev -> https://urlscan.io/result/01a123f8-7cd7-7433-b076-85be5ee52026/
[2026-10-10T03:38:57Z] SCAN-SAVED breach-monitoring.versec.workers.dev -> https://urlscan.io/result/01a123f8-8654-731d-b88a-1507ef057438/
[2026-10-10T03:38:57Z] SCAN-SAVED dailyrsswithemail.versec.workers.dev -> https://urlscan.io/result/01a123f8-9051-7689-b2be-8237bb80c4b3/
[2026-10-10T03:38:57Z] SCAN-SAVED defanger.versec.workers.dev -> https://urlscan.io/result/01a123f8-9b7a-75fe-895b-716f72d9c08f/
[2026-10-10T03:38:57Z] SCAN-SAVED hello-world-flat-sky-1b66.versec.workers.dev -> https://urlscan.io/result/01a123f8-a6a1-723c-8279-09b738602eeb/
[2026-10-10T03:38:57Z] SCAN-SAVED limacharlie.versec.workers.dev -> https://urlscan.io/result/01a123f8-b1d0-7720-a18d-894741dfb0c7/
[2026-10-10T03:38:57Z] SCAN-SAVED lucky-mud-a315.versec.workers.dev -> https://urlscan.io/result/01a123f8-bd1c-753f-888a-7148f532f564/
[2026-10-10T03:38:57Z] SCAN-SAVED managed-challenge.versec.workers.dev -> https://urlscan.io/result/01a123f8-c785-73fb-887e-7cf9d0e78ed0/
[2026-10-10T03:38:57Z] SCAN-SAVED managed-challengez.versec.workers.dev -> https://urlscan.io/result/01a123f8-d186-768a-89b9-231549c52167/
[2026-10-10T03:38:57Z] SCAN-SAVED o1thinker.versec.workers.dev -> https://urlscan.io/result/01a123f8-db26-7265-aec5-058b093df59c/
[2026-10-10T03:38:57Z] SCAN-SAVED plex-list-rss.versec.workers.dev -> https://urlscan.io/result/01a123f8-e5d1-77cb-8085-296b97dbc041/
[2026-10-10T03:38:57Z] SCAN-SAVED ransom-monitor.versec.workers.dev -> https://urlscan.io/result/01a123f8-f0f0-75b8-8c78-04baa61cabe8/
[2026-10-10T03:38:57Z] SCAN-SAVED smss.versec.workers.dev -> https://urlscan.io/result/01a123f8-fbd2-72ec-bece-9c3a7ea4f296/
[2026-10-10T03:38:57Z] SCAN-SAVED testing-worker-non-production.versec.workers.dev -> https://urlscan.io/result/01a123f9-06f9-724e-b3c6-4d950312e231/
[2026-10-10T03:38:57Z] SCAN-SAVED tickets.versec.workers.dev -> https://urlscan.io/result/01a123f9-1142-724e-8620-f575dc047be1/
[2026-10-10T03:38:57Z] SCAN-SAVED weather-croydon.versec.workers.dev -> https://urlscan.io/result/01a123f9-1aac-762e-9f3f-f42ac8ba35ee/
[2026-10-10T03:38:57Z] SCAN-BACKLOG 5 live host(s) queued for next run (cap 20/run)
[2026-10-10T03:38:57Z] 29 new tier-1 Operator-A indicator(s) this run
